class,method,test_case,outcome
Am7990LanceTests,Test_AssertedLine_DoesNotNotifyAgain,Test_AssertedLine_DoesNotNotifyAgain,Passed
Am7990LanceTests,Test_CSR0_ClearOnWrite_ErrorFlags,Test_CSR0_ClearOnWrite_ErrorFlags,Passed
Am7990LanceTests,Test_CSR0_INEA_Toggle,Test_CSR0_INEA_Toggle,Passed
Am7990LanceTests,Test_CSR0_Write1ToClear_IDON,Test_CSR0_Write1ToClear_IDON,Passed
Am7990LanceTests,Test_CSR0_Write1ToClear_RINT,Test_CSR0_Write1ToClear_RINT,Passed
Am7990LanceTests,Test_CSR0_Write1ToClear_TINT,Test_CSR0_Write1ToClear_TINT,Passed
Am7990LanceTests,Test_CSR1_CSR2_StoreInitBlockAddress,Test_CSR1_CSR2_StoreInitBlockAddress,Passed
Am7990LanceTests,Test_CSR3_BSWP_WrittenWhenStopped,Test_CSR3_BSWP_WrittenWhenStopped,Passed
Am7990LanceTests,Test_CSR3_NotWritableWhenRunning,Test_CSR3_NotWritableWhenRunning,Passed
Am7990LanceTests,Test_Filter_Broadcast_Accepted,Test_Filter_Broadcast_Accepted,Passed
Am7990LanceTests,Test_Filter_Promiscuous_AcceptsAll,Test_Filter_Promiscuous_AcceptsAll,Passed
Am7990LanceTests,Test_Filter_RuntPacket_Discarded,Test_Filter_RuntPacket_Discarded,Passed
Am7990LanceTests,Test_Filter_Unicast_MatchesPhysical,Test_Filter_Unicast_MatchesPhysical,Passed
Am7990LanceTests,Test_Filter_Unicast_RejectsDifferent,Test_Filter_Unicast_RejectsDifferent,Passed
Am7990LanceTests,Test_InitBlock_ReadsMAC,Test_InitBlock_ReadsMAC,Passed
Am7990LanceTests,Test_InitBlock_ReadsMode,Test_InitBlock_ReadsMode,Passed
Am7990LanceTests,Test_InitBlock_ReadsRxRing,Test_InitBlock_ReadsRxRing,Passed
Am7990LanceTests,Test_InitBlock_ReadsTxRing,Test_InitBlock_ReadsTxRing,Passed
Am7990LanceTests,Test_InitBlock_RingLengths,Test_InitBlock_RingLengths,Passed
Am7990LanceTests,Test_Init_ClearsStop,Test_Init_ClearsStop,Passed
Am7990LanceTests,Test_Init_SetsIDON,Test_Init_SetsIDON,Passed
Am7990LanceTests,Test_InternalLoopback_DataIntegrity,Test_InternalLoopback_DataIntegrity,Passed
Am7990LanceTests,Test_InternalLoopback_DiscardsExternalPackets,Test_InternalLoopback_DiscardsExternalPackets,Passed
Am7990LanceTests,Test_InternalLoopback_TxToRx,Test_InternalLoopback_TxToRx,Passed
Am7990LanceTests,Test_Interrupt_Deasserts_After_W1C_Clear,Test_Interrupt_Deasserts_After_W1C_Clear,Passed
Am7990LanceTests,Test_Interrupt_Deasserts_When_Reset_While_Asserted,Test_Interrupt_Deasserts_When_Reset_While_Asserted,Passed
Am7990LanceTests,Test_Interrupt_IDON_Fires,Test_Interrupt_IDON_Fires,Passed
Am7990LanceTests,Test_Interrupt_INEA_Required,Test_Interrupt_INEA_Required,Passed
Am7990LanceTests,Test_Interrupt_TINT_Fires,Test_Interrupt_TINT_Fires,Passed
Am7990LanceTests,Test_Loopback_ViaClockPolling,Test_Loopback_ViaClockPolling,Passed
Am7990LanceTests,Test_RAP_OnlyAccepts2Bits,Test_RAP_OnlyAccepts2Bits,Passed
Am7990LanceTests,Test_RX_MissedPacket_WhenNoBuffer,Test_RX_MissedPacket_WhenNoBuffer,Passed
Am7990LanceTests,Test_RX_OwnershipCleared,Test_RX_OwnershipCleared,Passed
Am7990LanceTests,Test_RX_RealTcpFrame_ChecksumsVerifyAfterDma,Test_RX_RealTcpFrame_ChecksumsVerifyAfterDma,Passed
Am7990LanceTests,Test_RX_SetsRINT,Test_RX_SetsRINT,Passed
Am7990LanceTests,Test_RX_WritesToBuffer,Test_RX_WritesToBuffer,Passed
Am7990LanceTests,Test_Reset_SetsStopBit,Test_Reset_SetsStopBit,Passed
Am7990LanceTests,Test_Start_SetsRXON_TXON,Test_Start_SetsRXON_TXON,Passed
Am7990LanceTests,Test_Start_WithDRX_DisablesRXON,Test_Start_WithDRX_DisablesRXON,Passed
Am7990LanceTests,Test_Start_WithDTX_DisablesTXON,Test_Start_WithDTX_DisablesTXON,Passed
Am7990LanceTests,Test_Stop_ClearsRXON_TXON,Test_Stop_ClearsRXON_TXON,Passed
Am7990LanceTests,Test_Stop_ResetsDevice,Test_Stop_ResetsDevice,Passed
Am7990LanceTests,Test_SunOS_ISR_Pattern_ClearsInterrupt,Test_SunOS_ISR_Pattern_ClearsInterrupt,Passed
Am7990LanceTests,Test_SunOS_InitSequence,Test_SunOS_InitSequence,Passed
Am7990LanceTests,Test_SunOS_RxAndInterrupt,Test_SunOS_RxAndInterrupt,Passed
Am7990LanceTests,Test_SunOS_TxWithTDMD,Test_SunOS_TxWithTDMD,Passed
Am7990LanceTests,Test_TX_DixFrame_ClearsOwnBit,Test_TX_DixFrame_ClearsOwnBit,Passed
Am7990LanceTests,Test_TX_DixFrame_EtherTypeSurvivesAsTypeNotLength,Test_TX_DixFrame_EtherTypeSurvivesAsTypeNotLength,Passed
Am7990LanceTests,Test_TX_DixIpv4Frame_IsTransmittedByteExact,Test_TX_DixIpv4Frame_IsTransmittedByteExact,Passed
Am7990LanceTests,Test_TX_NoAction_WhenOwnClear,Test_TX_NoAction_WhenOwnClear,Passed
Am7990LanceTests,Test_TX_OwnershipCleared,Test_TX_OwnershipCleared,Passed
Am7990LanceTests,Test_TX_ReadsDescriptor,Test_TX_ReadsDescriptor,Passed
Am7990LanceTests,Test_TX_RealTcpFrame_ChecksumsVerifyOnTransmittedBytes,Test_TX_RealTcpFrame_ChecksumsVerifyOnTransmittedBytes,Passed
Am7990LanceTests,Test_TX_SetsTINT,Test_TX_SetsTINT,Passed
IpChecksumRepairTests,HandlesAPartialPseudoHeaderSumNotJustZero,HandlesAPartialPseudoHeaderSumNotJustZero,Passed
IpChecksumRepairTests,HandlesAnOddLengthPayload,HandlesAnOddLengthPayload,Passed
IpChecksumRepairTests,HandlesVlanTaggedFrames,HandlesVlanTaggedFrames,Passed
IpChecksumRepairTests,IgnoresEthernetPaddingBeyondTheIpTotalLength,IgnoresEthernetPaddingBeyondTheIpTotalLength,Passed
IpChecksumRepairTests,IgnoresNonIpv4AndShortFrames,IgnoresNonIpv4AndShortFrames,Passed
IpChecksumRepairTests,LeavesAnAlreadyCorrectFrameByteForByteUntouched,LeavesAnAlreadyCorrectFrameByteForByteUntouched,Passed
IpChecksumRepairTests,LeavesFragmentsAlone,LeavesFragmentsAlone,Passed
IpChecksumRepairTests,RepairsAnUnfilledIpHeaderChecksum,RepairsAnUnfilledIpHeaderChecksum,Passed
IpChecksumRepairTests,RepairsTcpAndUdpChecksums,RepairsTcpAndUdpChecksums,Passed
IpChecksumRepairTests,ReproducesTheMeasuredNdFrame,ReproducesTheMeasuredNdFrame,Passed
LancePROMInitTests,PROMInit_FullSequence_ReachesIDON,PROMInit_FullSequence_ReachesIDON,Passed
LancePROMInitTests,PROMTest_CSR0_Stop_ReadBack,PROMTest_CSR0_Stop_ReadBack,Passed
LancePROMInitTests,PROMTest_CSR1_WriteRead,PROMTest_CSR1_WriteRead,Passed
LancePROMInitTests,PROMTest_InternalLoopback,PROMTest_InternalLoopback,Passed
MC68901MFPTests,Test_AutoEOI_NoPriorityBlocking,Test_AutoEOI_NoPriorityBlocking,Passed
MC68901MFPTests,Test_DaisyChain_GetVector_CallsChainWhenNoInterrupt,Test_DaisyChain_GetVector_CallsChainWhenNoInterrupt,Passed
MC68901MFPTests,Test_DaisyChain_GetVector_IgnoresChainWhenLocalInterrupt,Test_DaisyChain_GetVector_IgnoresChainWhenLocalInterrupt,Passed
MC68901MFPTests,Test_DaisyChain_GetVector_ReturnsSpuriousWhenNoCallback,Test_DaisyChain_GetVector_ReturnsSpuriousWhenNoCallback,Passed
MC68901MFPTests,Test_DaisyChain_IEI_DefaultTrue,Test_DaisyChain_IEI_DefaultTrue,Passed
MC68901MFPTests,Test_DaisyChain_IEI_DisablesInterrupts,Test_DaisyChain_IEI_DisablesInterrupts,Passed
MC68901MFPTests,Test_DaisyChain_IEI_False_CallsChainDirectly,Test_DaisyChain_IEI_False_CallsChainDirectly,Passed
MC68901MFPTests,Test_DaisyChain_IEO_ActiveWhenNoISR,Test_DaisyChain_IEO_ActiveWhenNoISR,Passed
MC68901MFPTests,Test_DaisyChain_IEO_InactiveWhenIEIFalse,Test_DaisyChain_IEO_InactiveWhenIEIFalse,Passed
MC68901MFPTests,Test_DaisyChain_IEO_InactiveWhenISRSet,Test_DaisyChain_IEO_InactiveWhenISRSet,Passed
MC68901MFPTests,Test_EthernetII_GPIP_Base_Mapping,Test_EthernetII_GPIP_Base_Mapping,Passed
MC68901MFPTests,Test_EthernetII_Register_Mapping,Test_EthernetII_Register_Mapping,Passed
MC68901MFPTests,Test_Even_Odd_Address_Same_Register,Test_Even_Odd_Address_Same_Register,Passed
MC68901MFPTests,Test_GPIO_DDR_InputMode,Test_GPIO_DDR_InputMode,Passed
MC68901MFPTests,Test_GPIO_DDR_OutputMode,Test_GPIO_DDR_OutputMode,Passed
MC68901MFPTests,Test_GPIO_EdgeDetection_FallingEdge,Test_GPIO_EdgeDetection_FallingEdge,Passed
MC68901MFPTests,Test_GPIO_EdgeDetection_RisingEdge,Test_GPIO_EdgeDetection_RisingEdge,Passed
MC68901MFPTests,Test_GPIO_Edge_Detection_Generates_Interrupt,Test_GPIO_Edge_Detection_Generates_Interrupt,Passed
MC68901MFPTests,Test_GPIO_InterruptGeneration,Test_GPIO_InterruptGeneration,Passed
MC68901MFPTests,Test_GPIO_NoInterruptWhenDisabled,Test_GPIO_NoInterruptWhenDisabled,Passed
MC68901MFPTests,Test_GPIO_ReadInputPins,Test_GPIO_ReadInputPins,Passed
MC68901MFPTests,Test_GPIO_WriteOutputPins,Test_GPIO_WriteOutputPins,Passed
MC68901MFPTests,Test_GetVector_ISRPriorityBlocking,Test_GetVector_ISRPriorityBlocking,Passed
MC68901MFPTests,Test_IEI_Disabled_Blocks_All_Interrupts,Test_IEI_Disabled_Blocks_All_Interrupts,Passed
MC68901MFPTests,Test_IER_IMR_Gating,Test_IER_IMR_Gating,Passed
MC68901MFPTests,Test_IMRB_WriteDoesNotClearISRB,Test_IMRB_WriteDoesNotClearISRB,Passed
MC68901MFPTests,Test_IMR_WriteDoesNotClearISR,Test_IMR_WriteDoesNotClearISR,Passed
MC68901MFPTests,Test_ISRB_Software_Interrupt_Pattern,Test_ISRB_Software_Interrupt_Pattern,Passed
MC68901MFPTests,Test_ISRB_Write_Values_Are_Received_By_Callback,Test_ISRB_Write_Values_Are_Received_By_Callback,Passed
MC68901MFPTests,Test_ISR_ClearUnblocksLowerPriority,Test_ISR_ClearUnblocksLowerPriority,Passed
MC68901MFPTests,Test_ISR_PriorityBlocking_HigherPriorityNotBlocked,Test_ISR_PriorityBlocking_HigherPriorityNotBlocked,Passed
MC68901MFPTests,Test_ISR_PriorityBlocking_LowerPriorityBlocked,Test_ISR_PriorityBlocking_LowerPriorityBlocked,Passed
MC68901MFPTests,Test_Interrupt_AutoEOI_ClearsISR,Test_Interrupt_AutoEOI_ClearsISR,Passed
MC68901MFPTests,Test_Interrupt_IER_DisablesClearsIPR,Test_Interrupt_IER_DisablesClearsIPR,Passed
MC68901MFPTests,Test_Interrupt_IER_EnablesInterrupt,Test_Interrupt_IER_EnablesInterrupt,Passed
MC68901MFPTests,Test_Interrupt_IMR_MasksIRQ,Test_Interrupt_IMR_MasksIRQ,Passed
MC68901MFPTests,Test_Interrupt_IMR_UnmasksIRQ,Test_Interrupt_IMR_UnmasksIRQ,Passed
MC68901MFPTests,Test_Interrupt_IPR_WriteClearsBits,Test_Interrupt_IPR_WriteClearsBits,Passed
MC68901MFPTests,Test_Interrupt_IPR_WriteDoesNotSetBits,Test_Interrupt_IPR_WriteDoesNotSetBits,Passed
MC68901MFPTests,Test_Interrupt_ISR_WriteClearsBits,Test_Interrupt_ISR_WriteClearsBits,Passed
MC68901MFPTests,Test_Interrupt_ISR_WriteDoesNotSetBits,Test_Interrupt_ISR_WriteDoesNotSetBits,Passed
MC68901MFPTests,Test_Interrupt_Priority_HigherChannelWins,Test_Interrupt_Priority_HigherChannelWins,Passed
MC68901MFPTests,Test_Interrupt_SoftwareEOI_SetsISR,Test_Interrupt_SoftwareEOI_SetsISR,Passed
MC68901MFPTests,Test_Interrupt_VectorGeneration_BaseVector,Test_Interrupt_VectorGeneration_BaseVector,Passed
MC68901MFPTests,Test_Interrupt_VectorGeneration_ChannelNumber,Test_Interrupt_VectorGeneration_ChannelNumber,Passed
MC68901MFPTests,Test_OnRegisterWrite_Fires_For_All_Writes,Test_OnRegisterWrite_Fires_For_All_Writes,Passed
MC68901MFPTests,Test_Register_OddAddressOnly,Test_Register_OddAddressOnly,Passed
MC68901MFPTests,Test_Register_RSR_ReadClearsOverrun,Test_Register_RSR_ReadClearsOverrun,Passed
MC68901MFPTests,Test_Register_TSR_ReadClearsUnderrun,Test_Register_TSR_ReadClearsUnderrun,Passed
MC68901MFPTests,Test_Register_VR_StoresFullByte,Test_Register_VR_StoresFullByte,Passed
MC68901MFPTests,Test_Reset_ClearsAllRegisters,Test_Reset_ClearsAllRegisters,Passed
MC68901MFPTests,Test_StandardVectorMapping_GPIO6_UsesVRFormula,Test_StandardVectorMapping_GPIO6_UsesVRFormula,Passed
MC68901MFPTests,Test_SystemVectorMapping_GPIO5_ReturnsVector107,Test_SystemVectorMapping_GPIO5_ReturnsVector107,Passed
MC68901MFPTests,Test_SystemVectorMapping_GPIO6_ReturnsVector116,Test_SystemVectorMapping_GPIO6_ReturnsVector116,Passed
MC68901MFPTests,Test_SystemVectorMapping_GPIO7_ReturnsVector117,Test_SystemVectorMapping_GPIO7_ReturnsVector117,Passed
MC68901MFPTests,Test_SystemVectorMapping_Priority_GPIO7_BeforeGPIO6,Test_SystemVectorMapping_Priority_GPIO7_BeforeGPIO6,Passed
MC68901MFPTests,Test_SystemVectorMapping_RxBufferFull_ReturnsVector114,Test_SystemVectorMapping_RxBufferFull_ReturnsVector114,Passed
MC68901MFPTests,Test_SystemVectorMapping_RxError_ReturnsVector113,Test_SystemVectorMapping_RxError_ReturnsVector113,Passed
MC68901MFPTests,Test_SystemVectorMapping_TimerC_UsesStandardFormula,Test_SystemVectorMapping_TimerC_UsesStandardFormula,Passed
MC68901MFPTests,Test_SystemVectorMapping_TxBufferEmpty_ReturnsVector112,Test_SystemVectorMapping_TxBufferEmpty_ReturnsVector112,Passed
MC68901MFPTests,Test_SystemVectorMapping_TxError_ReturnsVector111,Test_SystemVectorMapping_TxError_ReturnsVector111,Passed
MC68901MFPTests,Test_SystemVectorMapping_UnmappedChannel_FallsBackToStandard,Test_SystemVectorMapping_UnmappedChannel_FallsBackToStandard,Passed
MC68901MFPTests,Test_TCDCR_Read_TimerCHighNibble,Test_TCDCR_Read_TimerCHighNibble,Passed
MC68901MFPTests,Test_TCDCR_Read_TimerDLowNibble,Test_TCDCR_Read_TimerDLowNibble,Passed
MC68901MFPTests,Test_TCDCR_Write_TimerCHighNibble,Test_TCDCR_Write_TimerCHighNibble,Passed
MC68901MFPTests,Test_TCDCR_Write_TimerDLowNibble,Test_TCDCR_Write_TimerDLowNibble,Passed
MC68901MFPTests,Test_TimerB_EventCount_Countdown,Test_TimerB_EventCount_Countdown,Passed
MC68901MFPTests,Test_TimerB_EventCount_TOSBootPattern,Test_TimerB_EventCount_TOSBootPattern,Passed
MC68901MFPTests,Test_Timer_CounterNeverReachesZero,Test_Timer_CounterNeverReachesZero,Passed
MC68901MFPTests,Test_Timer_DelayMode_Countdown,Test_Timer_DelayMode_Countdown,Passed
MC68901MFPTests,Test_Timer_DelayMode_Enables,Test_Timer_DelayMode_Enables,Passed
MC68901MFPTests,Test_Timer_DelayMode_InterruptGeneration,Test_Timer_DelayMode_InterruptGeneration,Passed
MC68901MFPTests,Test_Timer_EventMode_CountsOnEdge,Test_Timer_EventMode_CountsOnEdge,Passed
MC68901MFPTests,Test_Timer_InterruptFiresAtOne,Test_Timer_InterruptFiresAtOne,Passed
MC68901MFPTests,Test_Timer_OutputToggle,Test_Timer_OutputToggle,Passed
MC68901MFPTests,Test_Timer_Prescaler_Div4,Test_Timer_Prescaler_Div4,Passed
MC68901MFPTests,Test_Timer_PulseMode_DisabledInitially,Test_Timer_PulseMode_DisabledInitially,Passed
MC68901MFPTests,Test_Timer_Reset_ClearsOutput_TimerA,Test_Timer_Reset_ClearsOutput_TimerA,Passed
MC68901MFPTests,Test_Timer_Reset_ClearsOutput_TimerB,Test_Timer_Reset_ClearsOutput_TimerB,Passed
MC68901MFPTests,Test_Timer_Reset_IgnoredForTimerC,Test_Timer_Reset_IgnoredForTimerC,Passed
MC68901MFPTests,Test_Timer_Reset_IgnoredForTimerD,Test_Timer_Reset_IgnoredForTimerD,Passed
MC68901MFPTests,Test_Timer_Stopped_NoCount,Test_Timer_Stopped_NoCount,Passed
MC68901MFPTests,Test_Timer_TDR0_Means256Counts,Test_Timer_TDR0_Means256Counts,Passed
MC68901MFPTests,Test_Timer_TDR1_FiresEveryCount,Test_Timer_TDR1_FiresEveryCount,Passed
MC68901MFPTests,Test_Timer_TDR_LoadsTMC_WhenStopped,Test_Timer_TDR_LoadsTMC_WhenStopped,Passed
MC68901MFPTests,Test_Timer_TDR_NotLoadsTMC_WhenRunning,Test_Timer_TDR_NotLoadsTMC_WhenRunning,Passed
MC68901MFPTests,Test_Timer_TDR_NotReloadedInDelayMode,Test_Timer_TDR_NotReloadedInDelayMode,Passed
MC68901MFPTests,Test_Timer_TDR_NotReloadedInEventCountMode,Test_Timer_TDR_NotReloadedInEventCountMode,Failed
MC68901MFPTests,Test_Timer_TDR_OneValue,Test_Timer_TDR_OneValue,Passed
MC68901MFPTests,Test_Timer_TDR_ReloadsWhenStopped,Test_Timer_TDR_ReloadsWhenStopped,Passed
MC68901MFPTests,Test_Timer_TDR_ZeroValue,Test_Timer_TDR_ZeroValue,Passed
MC68901MFPTests,Test_TriggerSoftwareInterrupt_Sets_Pending,Test_TriggerSoftwareInterrupt_Sets_Pending,Passed
MC68901MFPTests,Test_USART_Break_Detection,Test_USART_Break_Detection,Passed
MC68901MFPTests,Test_USART_FrameError_Detection,Test_USART_FrameError_Detection,Passed
MC68901MFPTests,Test_USART_OverrunError_Detection,Test_USART_OverrunError_Detection,Passed
MC68901MFPTests,Test_USART_ParityError_Detection,Test_USART_ParityError_Detection,Passed
MC68901MFPTests,Test_USART_RSR_DisableReceiverClearsFlags,Test_USART_RSR_DisableReceiverClearsFlags,Passed
MC68901MFPTests,Test_USART_RSR_EnableReceiver,Test_USART_RSR_EnableReceiver,Passed
MC68901MFPTests,Test_USART_RSR_ReceiverDisabledOnReset,Test_USART_RSR_ReceiverDisabledOnReset,Passed
MC68901MFPTests,Test_USART_RX_InterruptEnable,Test_USART_RX_InterruptEnable,Passed
MC68901MFPTests,Test_USART_RX_Interrupt_OnError,Test_USART_RX_Interrupt_OnError,Passed
MC68901MFPTests,Test_USART_RX_ReceiveCharacter,Test_USART_RX_ReceiveCharacter,Passed
MC68901MFPTests,Test_USART_SCR_Write,Test_USART_SCR_Write,Passed
MC68901MFPTests,Test_USART_SerialOutput_IdleHigh,Test_USART_SerialOutput_IdleHigh,Passed
MC68901MFPTests,Test_USART_TSR_BufferEmptyOnReset,Test_USART_TSR_BufferEmptyOnReset,Passed
MC68901MFPTests,Test_USART_TSR_EnableTransmitter,Test_USART_TSR_EnableTransmitter,Passed
MC68901MFPTests,Test_USART_TSR_PreservesBufferEmptyOnWrite,Test_USART_TSR_PreservesBufferEmptyOnWrite,Passed
MC68901MFPTests,Test_USART_TX_InterruptEnable,Test_USART_TX_InterruptEnable,Passed
MC68901MFPTests,Test_USART_UCR_AsyncMode,Test_USART_UCR_AsyncMode,Passed
MC68901MFPTests,Test_USART_UCR_ClockDivide16,Test_USART_UCR_ClockDivide16,Passed
MC68901MFPTests,Test_USART_UCR_ParityEnable,Test_USART_UCR_ParityEnable,Passed
MC68901MFPTests,Test_USART_UCR_WordLength,Test_USART_UCR_WordLength,Passed
MC68901MFPTests,Test_USART_UDR_Write_ClearsBufferEmpty,Test_USART_UDR_Write_ClearsBufferEmpty,Passed
MC68901MFPTests,Test_UseSystemVectorMapping_DefaultIsFalse,Test_UseSystemVectorMapping_DefaultIsFalse,Passed
MC68901MFPTests,Test_VR_AutoToAutoDoesNotClearISR,Test_VR_AutoToAutoDoesNotClearISR,Passed
MC68901MFPTests,Test_VR_ISROnlyClearedOnTransition,Test_VR_ISROnlyClearedOnTransition,Passed
MC68901MFPTests,Test_VR_LowBitsReadBack,Test_VR_LowBitsReadBack,Passed
MC68901MFPTests,Test_VR_StoresFullByte,Test_VR_StoresFullByte,Passed
MC68901MFPTests,Test_VR_Vector_Calculation,Test_VR_Vector_Calculation,Passed
NDBusEthernetIIDecodeTests,DescribeControl_09_IsEnableScipInt_And_StartOpcom,DescribeControl_09_IsEnableScipInt_And_StartOpcom,Passed
NDBusEthernetIIDecodeTests,DescribeControl_NdInterrupt_Bit2,DescribeControl_NdInterrupt_Bit2,Passed
NDBusEthernetIIDecodeTests,DescribeControl_Zero_IsNone,DescribeControl_Zero_IsNone,Passed
NDBusEthernetIIDecodeTests,DescribeCsr0_0048_IsInea_And_Tdmd,DescribeCsr0_0048_IsInea_And_Tdmd,Passed
NDBusEthernetIIDecodeTests,DescribeCsr0_0101_IsInit_And_Idon,DescribeCsr0_0101_IsInit_And_Idon,Passed
NDBusEthernetIIDecodeTests,DescribeDescFlags_Own_ShowsLanceOwner,DescribeDescFlags_Own_ShowsLanceOwner,Passed
NDBusEthernetIIDecodeTests,DescribeDescFlags_StpEnp_HostOwned,DescribeDescFlags_StpEnp_HostOwned,Passed
NDBusEthernetIIDecodeTests,DescribeEthernetFrame_802_3_LengthField,DescribeEthernetFrame_802_3_LengthField,Passed
NDBusEthernetIIDecodeTests,DescribeEthernetFrame_Arp_Broadcast,DescribeEthernetFrame_Arp_Broadcast,Passed
NDBusEthernetIIDecodeTests,DescribeEthernetFrame_IPv4_Type,DescribeEthernetFrame_IPv4_Type,Passed
NDBusEthernetIIDecodeTests,DescribeEthernetFrame_Runt_IsSafe,DescribeEthernetFrame_Runt_IsSafe,Passed
NDBusEthernetIIDecodeTests,DescribeEthernetFrame_UnknownEtherType_ReportedHonestly,DescribeEthernetFrame_UnknownEtherType_ReportedHonestly,Passed
NDBusEthernetIIDecodeTests,DescribeHwStat_ActiveLow_AllHighMeansNoneAsserted,DescribeHwStat_ActiveLow_AllHighMeansNoneAsserted,Passed
NDBusEthernetIIDecodeTests,DescribeHwStat_PowerEnableAsserted_WhenBit2Zero,DescribeHwStat_PowerEnableAsserted_WhenBit2Zero,Passed
NDBusEthernetIIDecodeTests,DescribeMonitorCode_KnownValues,DescribeMonitorCode_KnownValues,Passed
NDBusEthernetIIDecodeTests,DescribeStatus_1001_IsBank16_IntEnabled_Int12Clear,DescribeStatus_1001_IsBank16_IntEnabled_Int12Clear,Passed
NDBusEthernetIIDecodeTests,DescribeStatus_1005_ShowsInt12Set,DescribeStatus_1005_ShowsInt12Set,Passed
NDBusEthernetIIDecodeTests,DescribeStatus_Halt_And_Reset,DescribeStatus_Halt_And_Reset,Passed
NDBusEthernetIIDecodeTests,FormatMac_ProducesColonSeparatedLowerHex,FormatMac_ProducesColonSeparatedLowerHex,Passed
NDBusEthernetIIDecodeTests,FormatMac_ShortBuffer_IsSafe,FormatMac_ShortBuffer_IsSafe,Passed
Nd100EthernetIILanceInterruptAckTests,InterruptAck_LeavesLevel2Low_WhenNothingHoldsTheLine,InterruptAck_LeavesLevel2Low_WhenNothingHoldsTheLine,Passed
Nd100EthernetIILanceInterruptAckTests,InterruptAck_LeavesTheCpuMatchingWhatTheLanceHolds,InterruptAck_LeavesTheCpuMatchingWhatTheLanceHolds,NotExecuted
Nd100EthernetIIRuntPaddingTests,A42ByteArpReplyReachesTheLanceAs60Bytes,A42ByteArpReplyReachesTheLanceAs60Bytes,Passed
Nd100EthernetIIRuntPaddingTests,AFrameShorterThanAHeaderIsNotPaddedIntoAFrame,AFrameShorterThanAHeaderIsNotPaddedIntoAFrame,Passed
Nd100EthernetIIRuntPaddingTests,AFullSizeFramePassesThroughUnchanged,AFullSizeFramePassesThroughUnchanged,Passed
Nd100EthernetIIRuntPaddingTests,ASelfEchoedRuntIsStillDropped,ASelfEchoedRuntIsStillDropped,Passed
Nd100EthernetIIRuntPaddingTests,EveryCapturedHostFrameReachesTheLanceIntactAndPaddedOnlyWhenShort,EveryCapturedHostFrameReachesTheLanceIntactAndPaddedOnlyWhenShort,Passed
Nd100EthernetIIRuntPaddingTests,ExactlySixtyBytesIsNotPadded,ExactlySixtyBytesIsNotPadded,Passed
Nd100MultiEthernetConfigTests,FourCards_AllRegisterWithDistinctWindows,FourCards_AllRegisterWithDistinctWindows,Passed
Nd100MultiEthernetConfigTests,SingleCard_KeepsTheHistoricalWindow,SingleCard_KeepsTheHistoricalWindow,Passed
Nd100MultiEthernetConfigTests,TwoCardsOnTheSameThumbwheel_IsRejected,TwoCardsOnTheSameThumbwheel_IsRejected,Passed
Nd100MultiEthernetConfigTests,TwoCards_AreBothRegistered_WithDistinctIdentsAndWindows,TwoCards_AreBothRegistered_WithDistinctIdentsAndWindows,Passed
Nd100MultiEthernetConfigTests,TwoCards_BothMemoryWindowsAreReachableFromTheNd100,TwoCards_BothMemoryWindowsAreReachableFromTheNd100,Passed
Nd100TcpIpFirmwareExecutionTests,CloseWaitPlusClose_DispatchesAction8_TheRfc793Anchor,CloseWaitPlusClose_DispatchesAction8_TheRfc793Anchor,Passed
Nd100TcpIpFirmwareExecutionTests,EstablishedPlusSegment_DispatchesAction7,EstablishedPlusSegment_DispatchesAction7,Passed
Nd100TcpIpFirmwareExecutionTests,EveryLegalTransition_DispatchesTheActionTheMatrixNames,EveryLegalTransition_DispatchesTheActionTheMatrixNames,Passed
NullEthernetBackendTests,Test_NullBackend_Description,Test_NullBackend_Description,Passed
NullEthernetBackendTests,Test_NullBackend_NeverReceives,Test_NullBackend_NeverReceives,Passed
NullEthernetBackendTests,Test_NullBackend_SendDoesNotCrash,Test_NullBackend_SendDoesNotCrash,Passed
NullEthernetBackendTests,Test_NullBackend_StartsAndStops,Test_NullBackend_StartsAndStops,Passed
NullEthernetBackendTests,Test_PcapBackend_ListInterfaces,Test_PcapBackend_ListInterfaces,Passed
TcpEthernetBackendTests,FromSpec_DefaultsPortTo3094,FromSpec_DefaultsPortTo3094,Passed
TcpEthernetBackendTests,FromSpec_ParsesConnectForms,FromSpec_ParsesConnectForms,Passed
TcpEthernetBackendTests,FromSpec_ParsesListenForms,FromSpec_ParsesListenForms,Passed
TcpEthernetBackendTests,FromSpec_RejectsJunk,FromSpec_RejectsJunk,Passed
TcpEthernetBackendTests,Loopback_DeliversFramesBothDirections,Loopback_DeliversFramesBothDirections,Passed
TestEthernetII_Integration,Test6_DiagnoseInterruptChain,Test6_DiagnoseInterruptChain,Passed
TestEthernetII_Scenarios,Scenario_A_DisconnectReset_NoMfpReset,Scenario_A_DisconnectReset_NoMfpReset,Passed
TestEthernetII_Scenarios,Scenario_B_ConnectReset_FullPeripheralReset,Scenario_B_ConnectReset_FullPeripheralReset,Passed
TestEthernetII_Scenarios,Scenario_C_ConnectReset_OnlyTimerLanceReset,Scenario_C_ConnectReset_OnlyTimerLanceReset,Passed
TestEthernetII_Scenarios,Scenario_D_PreInitMfp_ThenBoot,Scenario_D_PreInitMfp_ThenBoot,Passed
TestEthernetII_Scenarios,Scenario_E_PreInitMfp_NoResetWipe,Scenario_E_PreInitMfp_NoResetWipe,Passed
TestEthernetII_Scenarios,Scenario_F_InitMfp_AfterBoot_BeforeTests,Scenario_F_InitMfp_AfterBoot_BeforeTests,Passed
TestEthernetII_Scenarios,Scenario_G_ManualMfpInit_AND_LowerIPL,Scenario_G_ManualMfpInit_AND_LowerIPL,Passed
TestMFP_Timers,GPIO_test_write,GPIO_test_write,Passed
TestNDBusEthernetII,Test6_DumpDispatchTable,Test6_DumpDispatchTable,Passed
TestNDBusEthernetII,Test6_SoftwareInterruptController,Test6_SoftwareInterruptController,Passed
TestNDBusEthernetII,Test6_VerifyAllSCIPChannels,Test6_VerifyAllSCIPChannels,Passed
TestNDBusEthernetII,Test_COSMOS_ErrorCounters,Test_COSMOS_ErrorCounters,Passed
TestNDBusEthernetII,Test_COSMOS_ReceivePacketCount,Test_COSMOS_ReceivePacketCount,Passed
TestNDBusEthernetII,Test_COSMOS_StatisticsReset,Test_COSMOS_StatisticsReset,Passed
TestNDBusEthernetII,Test_COSMOS_TransmitPacketCount,Test_COSMOS_TransmitPacketCount,Passed
TestNDBusEthernetII,Test_CPU_Execute_SimpleProgram,Test_CPU_Execute_SimpleProgram,Passed
TestNDBusEthernetII,Test_CPU_Reset,Test_CPU_Reset,Passed
TestNDBusEthernetII,Test_Constructor_InvalidThumbwheel_ThrowsException,Test_Constructor_InvalidThumbwheel_ThrowsException,Passed
TestNDBusEthernetII,"Test_Constructor_ThumbwheelSettings(1,49396,49181)","Test_Constructor_ThumbwheelSettings(1,49396,49181)",Passed
TestNDBusEthernetII,"Test_Constructor_ThumbwheelSettings(2,49400,49182)","Test_Constructor_ThumbwheelSettings(2,49400,49182)",Passed
TestNDBusEthernetII,"Test_Constructor_ThumbwheelSettings(3,49404,49183)","Test_Constructor_ThumbwheelSettings(3,49404,49183)",Passed
TestNDBusEthernetII,"Test_Constructor_ThumbwheelSettings(byte.MinValue,49392,49180)","Test_Constructor_ThumbwheelSettings(byte.MinValue,49392,49180)",Passed
TestNDBusEthernetII,Test_ControlRegister_DISCHK_DisableParityCheck,Test_ControlRegister_DISCHK_DisableParityCheck,Passed
TestNDBusEthernetII,Test_ControlRegister_HALT_Control,Test_ControlRegister_HALT_Control,Passed
TestNDBusEthernetII,Test_ControlRegister_NDINT_TriggersMFP,Test_ControlRegister_NDINT_TriggersMFP,Passed
TestNDBusEthernetII,Test_ControlRegister_OPCOM_PWRLOW_Combined,Test_ControlRegister_OPCOM_PWRLOW_Combined,Passed
TestNDBusEthernetII,Test_ControlRegister_OPCOM_TriggerLevel6,Test_ControlRegister_OPCOM_TriggerLevel6,Passed
TestNDBusEthernetII,Test_ControlRegister_PWRLOW_TriggerLevel7NMI,Test_ControlRegister_PWRLOW_TriggerLevel7NMI,Passed
TestNDBusEthernetII,Test_ControlRegister_RESET_Control,Test_ControlRegister_RESET_Control,Passed
TestNDBusEthernetII,Test_ControlRegister_RESET_HALT_InitialState,Test_ControlRegister_RESET_HALT_InitialState,Passed
TestNDBusEthernetII,Test_ControlRegister_SCIPEN_EnableDisable,Test_ControlRegister_SCIPEN_EnableDisable,Passed
TestNDBusEthernetII,Test_ControlRegister_UnusedBits_NoEffect,Test_ControlRegister_UnusedBits_NoEffect,Passed
TestNDBusEthernetII,Test_Error_BabblingTransmitter_BufferSetup,Test_Error_BabblingTransmitter_BufferSetup,Passed
TestNDBusEthernetII,Test_Error_Buffer_RMDLocation,Test_Error_Buffer_RMDLocation,Passed
TestNDBusEthernetII,Test_Error_CRC_RMDLocation,Test_Error_CRC_RMDLocation,Passed
TestNDBusEthernetII,Test_Error_Collision_FlagLocation,Test_Error_Collision_FlagLocation,Passed
TestNDBusEthernetII,Test_Error_Framing_RMDLocation,Test_Error_Framing_RMDLocation,Passed
TestNDBusEthernetII,Test_Error_LateCollision_TMDLocation,Test_Error_LateCollision_TMDLocation,Passed
TestNDBusEthernetII,Test_Error_LossOfCarrier_TMDLocation,Test_Error_LossOfCarrier_TMDLocation,Passed
TestNDBusEthernetII,Test_Error_MemoryError_CSR0Setup,Test_Error_MemoryError_CSR0Setup,Passed
TestNDBusEthernetII,Test_Error_MissedPacket_Setup,Test_Error_MissedPacket_Setup,Passed
TestNDBusEthernetII,Test_Error_Overflow_RMDLocation,Test_Error_Overflow_RMDLocation,Passed
TestNDBusEthernetII,Test_Error_Underflow_TMDLocation,Test_Error_Underflow_TMDLocation,Passed
TestNDBusEthernetII,Test_Error_WriteProtection_MFPVector,Test_Error_WriteProtection_MFPVector,Passed
TestNDBusEthernetII,Test_ExecuteFirmware_LongRun,Test_ExecuteFirmware_LongRun,Passed
TestNDBusEthernetII,Test_FullInitSequence,Test_FullInitSequence,Passed
TestNDBusEthernetII,Test_FuncCode0x14_DirectRAMWrite,Test_FuncCode0x14_DirectRAMWrite,Passed
TestNDBusEthernetII,Test_FuncCode0x14_InterruptDriven,Test_FuncCode0x14_InterruptDriven,Passed
TestNDBusEthernetII,Test_FuncCode0x14_VerifyMailboxProtocol,Test_FuncCode0x14_VerifyMailboxProtocol,Passed
TestNDBusEthernetII,Test_HighRAM_Mirror_F8_0000,Test_HighRAM_Mirror_F8_0000,Passed
TestNDBusEthernetII,Test_INT12_FiredDuringInitDrain,Test_INT12_FiredDuringInitDrain,Passed
TestNDBusEthernetII,Test_IO_AddressMirroring,Test_IO_AddressMirroring,Passed
TestNDBusEthernetII,Test_IO_ETHSTAT_PowerAndInterruptStatus,Test_IO_ETHSTAT_PowerAndInterruptStatus,Passed
TestNDBusEthernetII,Test_IO_ETHSTAT_Read,Test_IO_ETHSTAT_Read,Passed
TestNDBusEthernetII,Test_IO_LANRESET,Test_IO_LANRESET,Passed
TestNDBusEthernetII,Test_IO_MODCR_Registers,Test_IO_MODCR_Registers,Passed
TestNDBusEthernetII,Test_IO_PROFF_Register,Test_IO_PROFF_Register,Passed
TestNDBusEthernetII,Test_IO_SCIP_TriggersInterrupt,Test_IO_SCIP_TriggersInterrupt,Passed
TestNDBusEthernetII,Test_IO_XCVPW_TransceiverPower,Test_IO_XCVPW_TransceiverPower,Passed
TestNDBusEthernetII,Test_Interrupt_Console_Level4_PTC,Test_Interrupt_Console_Level4_PTC,Passed
TestNDBusEthernetII,Test_Interrupt_LANCE_Level2,Test_Interrupt_LANCE_Level2,Passed
TestNDBusEthernetII,Test_Interrupt_LANCE_Level2_Handling,Test_Interrupt_LANCE_Level2_Handling,Passed
TestNDBusEthernetII,Test_Interrupt_Level12_Configuration,Test_Interrupt_Level12_Configuration,Passed
TestNDBusEthernetII,Test_Interrupt_MFP_Level3_Vectored,Test_Interrupt_MFP_Level3_Vectored,Passed
TestNDBusEthernetII,Test_Interrupt_MFP_Vectors,Test_Interrupt_MFP_Vectors,Passed
TestNDBusEthernetII,Test_Interrupt_OPCOM_Level6,Test_Interrupt_OPCOM_Level6,Passed
TestNDBusEthernetII,Test_Interrupt_ParityError_Level5,Test_Interrupt_ParityError_Level5,Passed
TestNDBusEthernetII,Test_Interrupt_PowerLow_Level7_NMI,Test_Interrupt_PowerLow_Level7_NMI,Passed
TestNDBusEthernetII,Test_Interrupt_Priority_Level7_Preempts,Test_Interrupt_Priority_Level7_Preempts,Passed
TestNDBusEthernetII,Test_Interrupt_SCIP_ToND100_Level12,Test_Interrupt_SCIP_ToND100_Level12,Passed
TestNDBusEthernetII,Test_LANCE_CSR0_StopBit,Test_LANCE_CSR0_StopBit,Passed
TestNDBusEthernetII,Test_LANCE_CSR1_CSR2_InitBlockAddress,Test_LANCE_CSR1_CSR2_InitBlockAddress,Passed
TestNDBusEthernetII,Test_LANCE_CSR3_BusControl,Test_LANCE_CSR3_BusControl,Passed
TestNDBusEthernetII,Test_LANCE_DMA_ReadFromRAM,Test_LANCE_DMA_ReadFromRAM,Passed
TestNDBusEthernetII,Test_LANCE_FullInitSequence,Test_LANCE_FullInitSequence,Passed
TestNDBusEthernetII,Test_LANCE_IDON_Detection,Test_LANCE_IDON_Detection,Passed
TestNDBusEthernetII,Test_LANCE_Initialization,Test_LANCE_Initialization,Passed
TestNDBusEthernetII,Test_LANCE_LogicalAddressFilter_Setup,Test_LANCE_LogicalAddressFilter_Setup,Passed
TestNDBusEthernetII,Test_LANCE_PhysicalAddress_Setup,Test_LANCE_PhysicalAddress_Setup,Passed
TestNDBusEthernetII,Test_LANCE_RAP_SelectsCSR,Test_LANCE_RAP_SelectsCSR,Passed
TestNDBusEthernetII,Test_LANCE_RMD_Structure,Test_LANCE_RMD_Structure,Passed
TestNDBusEthernetII,Test_LANCE_ReceiveRing_Setup,Test_LANCE_ReceiveRing_Setup,Passed
TestNDBusEthernetII,Test_LANCE_Receive_CapturedCosmosFrame,Test_LANCE_Receive_CapturedCosmosFrame,Passed
TestNDBusEthernetII,Test_LANCE_TDMD_TransmitDemand,Test_LANCE_TDMD_TransmitDemand,Passed
TestNDBusEthernetII,Test_LANCE_TMD_Structure,Test_LANCE_TMD_Structure,Passed
TestNDBusEthernetII,Test_LANCE_TransmitRing_Setup,Test_LANCE_TransmitRing_Setup,Passed
TestNDBusEthernetII,Test_LoadActualFirmware,Test_LoadActualFirmware,Passed
TestNDBusEthernetII,Test_LoadFirmware_ToRAM,Test_LoadFirmware_ToRAM,Passed
TestNDBusEthernetII,Test_Loopback_CRC_Generation,Test_Loopback_CRC_Generation,Passed
TestNDBusEthernetII,Test_Loopback_ExternalMode_Configuration,Test_Loopback_ExternalMode_Configuration,Passed
TestNDBusEthernetII,Test_Loopback_ForcedCollision_Configuration,Test_Loopback_ForcedCollision_Configuration,Passed
TestNDBusEthernetII,Test_Loopback_InternalMode_Configuration,Test_Loopback_InternalMode_Configuration,Passed
TestNDBusEthernetII,Test_Loopback_LANCEStopped_CanConfigure,Test_Loopback_LANCEStopped_CanConfigure,Passed
TestNDBusEthernetII,Test_MFP_Accessibility,Test_MFP_Accessibility,Passed
TestNDBusEthernetII,Test_MFP_AddressMirroring,Test_MFP_AddressMirroring,Passed
TestNDBusEthernetII,Test_MFP_Initialization,Test_MFP_Initialization,Passed
TestNDBusEthernetII,Test_MFP_OddAddressAccess,Test_MFP_OddAddressAccess,Passed
TestNDBusEthernetII,Test_MFP_TimerC_Configured,Test_MFP_TimerC_Configured,Passed
TestNDBusEthernetII,Test_MemoryMap_Size,Test_MemoryMap_Size,Passed
TestNDBusEthernetII,Test_Memory_BigEndian_WordAccess,Test_Memory_BigEndian_WordAccess,Passed
TestNDBusEthernetII,Test_Memory_FullSize_512KB,Test_Memory_FullSize_512KB,Passed
TestNDBusEthernetII,Test_Memory_HighRAM_Mirror,Test_Memory_HighRAM_Mirror,Passed
TestNDBusEthernetII,Test_Memory_ProtectionTable,Test_Memory_ProtectionTable,Passed
TestNDBusEthernetII,Test_Memory_WalkingOnes,Test_Memory_WalkingOnes,Passed
TestNDBusEthernetII,Test_NDInterrupt_BitInControlRegister,Test_NDInterrupt_BitInControlRegister,Passed
TestNDBusEthernetII,Test_NDInterrupt_MultipleSetsDoNotSpam,Test_NDInterrupt_MultipleSetsDoNotSpam,Passed
TestNDBusEthernetII,Test_NDInterrupt_TriggersOnRisingEdge,Test_NDInterrupt_TriggersOnRisingEdge,Passed
TestNDBusEthernetII,Test_RAM_Boundaries,Test_RAM_Boundaries,Passed
TestNDBusEthernetII,Test_RAM_LowRange_ReadWrite,Test_RAM_LowRange_ReadWrite,Passed
TestNDBusEthernetII,Test_Reset_EnteringResetDoesNotReadVectors,Test_Reset_EnteringResetDoesNotReadVectors,Passed
TestNDBusEthernetII,Test_Reset_SequenceHaltResetRelease,Test_Reset_SequenceHaltResetRelease,Passed
TestNDBusEthernetII,Test_Reset_VectorsReadOnFallingEdge,Test_Reset_VectorsReadOnFallingEdge,Passed
TestNDBusEthernetII,Test_SCIP_AddressRange,Test_SCIP_AddressRange,Passed
TestNDBusEthernetII,Test_SCIP_DisabledDoesNotTrigger,Test_SCIP_DisabledDoesNotTrigger,Passed
TestNDBusEthernetII,Test_SCIP_WriteTriggersInterrupt,Test_SCIP_WriteTriggersInterrupt,Passed
TestNDBusEthernetII,Test_StatusRegister_BankNumber,Test_StatusRegister_BankNumber,Passed
TestNDBusEthernetII,Test_StatusRegister_HALT_ReflectsControl,Test_StatusRegister_HALT_ReflectsControl,Passed
TestNDBusEthernetII,Test_StatusRegister_InterruptEnabled,Test_StatusRegister_InterruptEnabled,Passed
TestNDBusEthernetII,Test_StatusRegister_MemorySize_Always0,Test_StatusRegister_MemorySize_Always0,Passed
TestNDBusEthernetII,Test_StatusRegister_RESET_ReflectsControl,Test_StatusRegister_RESET_ReflectsControl,Passed
TestNDBusEthernetII,Test_Transceiver_LANInterruptStatus,Test_Transceiver_LANInterruptStatus,Passed
TestNDBusEthernetII,Test_Transceiver_LANReset,Test_Transceiver_LANReset,Passed
TestNDBusEthernetII,Test_Transceiver_PowerControl,Test_Transceiver_PowerControl,Passed
TestNDBusEthernetII,Test_Transceiver_PowerLED_State,Test_Transceiver_PowerLED_State,Passed
TestNDBusEthernetII,Test_Transceiver_StatusReflection,Test_Transceiver_StatusReflection,Passed
TestNDBusEthernetII,Test_VectorTable_MFPVector116_Address,Test_VectorTable_MFPVector116_Address,Passed
TestNDBusEthernetII,Test_VectorTable_ResetVectorsAtCorrectAddress,Test_VectorTable_ResetVectorsAtCorrectAddress,Passed
TestNDBusEthernetII,Test_VectorTable_UninitializedVectorContent,Test_VectorTable_UninitializedVectorContent,Passed
UdpEthernetBackendResilienceTests,Frame_ReachesAnotherMember_AndCountersMove,Frame_ReachesAnotherMember_AndCountersMove,Passed
UdpEthernetBackendResilienceTests,FromSpec_StillParsesEveryDocumentedForm,FromSpec_StillParsesEveryDocumentedForm,Passed
UdpEthernetBackendResilienceTests,SlowCard_DoesNotStopTheSocketBeingDrained,SlowCard_DoesNotStopTheSocketBeingDrained,Passed
UdpEthernetBackendResilienceTests,Stop_IsIdempotentAndClean,Stop_IsIdempotentAndClean,Passed
