MemoryFetch	memory_fetch	src/cpu/cpu.c
calcPK	calc_pk	src/cpu/cpu.c
checkAndSwitch	check_and_switch	src/cpu/cpu.c
recalcInternalInterruptBits	recalc_internal_interrupt_bits	src/cpu/cpu.c
stopReasonFromBreakpoint	stop_reason_from_breakpoint	src/cpu/cpu_bkpt.c
CJP	cjp	src/cpu/cpu_instr.c
CheckPriv	check_priv	src/cpu/cpu_instr.c
DoEXR	do_exr	src/cpu/cpu_instr.c
DoIDENT	do_ident	src/cpu/cpu_instr.c
DoLRB	do_lrb	src/cpu/cpu_instr.c
DoMCL	do_mcl	src/cpu/cpu_instr.c
DoMOVB	do_movb	src/cpu/cpu_instr.c
DoMOVBF	do_movbf	src/cpu/cpu_instr.c
DoMOVEW	do_movew	src/cpu/cpu_instr.c
DoMST	do_mst	src/cpu/cpu_instr.c
DoRDUS	do_rdus	src/cpu/cpu_instr.c
DoSRB	do_srb	src/cpu/cpu_instr.c
DoTRA	do_tra	src/cpu/cpu_instr.c
DoTRR	do_trr	src/cpu/cpu_instr.c
DoTSET	do_tset	src/cpu/cpu_instr.c
DoWAIT	do_wait	src/cpu/cpu_instr.c
Instruction_Add	instruction_add	src/cpu/cpu_instr.c
Instruction_Add_Mask	instruction_add_mask	src/cpu/cpu_instr.c
Instruction_Add_Range	instruction_add_range	src/cpu/cpu_instr.c
IsSkip	is_skip	src/cpu/cpu_instr.c
ReadEL	read_el	src/cpu/cpu_instr.c
ShiftDoubleReg	shift_double_reg	src/cpu/cpu_instr.c
ShiftReg	shift_reg	src/cpu/cpu_instr.c
UpdateMemoryIO	update_memory_io	src/cpu/cpu_instr.c
WriteEL	write_el	src/cpu/cpu_instr.c
calcEL	calc_el	src/cpu/cpu_instr.c
doMoveBytes	do_move_bytes	src/cpu/cpu_instr.c
GetPageTableEntryInfo	get_page_table_entry_info	src/debugger/debugger.c
cpuStopReasonToString	cpu_stop_reason_to_string	src/debugger/debugger.c
Device_ClearInterrupt	device_clear_interrupt	src/devices/device.c
FloppyPIO_ExecuteGo	floppy_pio_execute_go	src/devices/floppy/device_floppy_pio.c
COM5025_MasterReset	com5025_master_reset	src/devices/hdlc/chip_com5025.c
COM5025_ProcessBit	com5025_process_bit	src/devices/hdlc/chip_com5025.c
COM5025IOTimer_AdjustTimer	com5025_io_timer_adjust_timer	src/devices/hdlc/chip_com5025_registers.c
COM5025IOTimer_Clear	com5025_io_timer_clear	src/devices/hdlc/chip_com5025_registers.c
COM5025IOTimer_Clock	com5025_io_timer_clock	src/devices/hdlc/chip_com5025_registers.c
COM5025IOTimer_Init	com5025_io_timer_init	src/devices/hdlc/chip_com5025_registers.c
COM5025IOTimer_SetClockSpeed	com5025_io_timer_set_clock_speed	src/devices/hdlc/chip_com5025_registers.c
COM5025Registers_CalcCRC	com5025_registers_calc_crc	src/devices/hdlc/chip_com5025_registers.c
COM5025Registers_ClearRXCRC	com5025_registers_clear_rxcrc	src/devices/hdlc/chip_com5025_registers.c
COM5025Registers_ClearTXCRC	com5025_registers_clear_txcrc	src/devices/hdlc/chip_com5025_registers.c
DMAEngine_Clear	dma_engine_clear	src/devices/hdlc/dma_engine.c
DMAEngine_ClearDMACommand	dma_engine_clear_dma_command	src/devices/hdlc/dma_engine.c
DMAEngine_DMARead	dma_engine_dma_read	src/devices/hdlc/dma_engine.c
DMAEngine_DMAWrite	dma_engine_dma_write	src/devices/hdlc/dma_engine.c
DMAEngine_Log	dma_engine_log	src/devices/hdlc/dma_engine.c
DMAEngine_OnSetInterruptBit	dma_engine_on_set_interrupt_bit	src/devices/hdlc/dma_engine.c
DMAReceiver_ClearReceiveFrameState	dma_receiver_clear_receive_frame_state	src/devices/hdlc/dma_receiver.c
DMAReceiver_EnableHDLCReceiver	dma_receiver_enable_hdlc_receiver	src/devices/hdlc/dma_receiver.c
DMAReceiver_FindNextReceiveBuffer	dma_receiver_find_next_receive_buffer	src/devices/hdlc/dma_receiver.c
DMAReceiver_ProcessBufferedData	dma_receiver_process_buffered_data	src/devices/hdlc/dma_receiver.c
DMAReceiver_ProcessCompleteFrame	dma_receiver_process_complete_frame	src/devices/hdlc/dma_receiver.c
DMAReceiver_ReceiveDataBufferByte	dma_receiver_receive_data_buffer_byte	src/devices/hdlc/dma_receiver.c
DMAReceiver_SetRXDMAFlag	dma_receiver_set_rxdma_flag	src/devices/hdlc/dma_receiver.c
DMATransmitter_SendAllBuffers	dma_transmitter_send_all_buffers	src/devices/hdlc/dma_transmitter.c
DMATransmitter_SetEngineSenderState	dma_transmitter_set_engine_sender_state	src/devices/hdlc/dma_transmitter.c
DMATransmitter_SetTXDMAFlag	dma_transmitter_set_txdma_flag	src/devices/hdlc/dma_transmitter.c
HDLC_CRC_CalculateParityBit	hdlc_crc_calculate_parity_bit	src/devices/hdlc/hdlc_crc.c
ProcessMessageControl	process_message_control	src/devices/panel/panel.c
UpdateMachineTime	update_machine_time	src/devices/panel/panel.c
SCSI_Destroy	scsi_destroy	src/devices/scsi/device_scsi.c
SCSITarget_ReportCondition	scsi_target_report_condition	src/devices/scsi/scsi_device.c
SCSIHDD_DeviceReset	scsihdd_device_reset	src/devices/scsi/scsi_hdd.c
SMD_Destroy	smd_destroy	src/devices/smd/device_smd.c
IO_Read	io_read	src/machine/io.c
IO_Write	io_write	src/machine/io.c
MC_CtrlTypeFromName	mc_ctrl_type_from_name	src/machine/machine_config.c
MC_DescriptorForName	mc_descriptor_for_name	src/machine/machine_config.c
LoadBPUNStream	load_bpun_stream	src/ndlib/load_bpun.c
Log_LevelName	log_level_name	src/ndlib/log.c
Log_SetAllLevels	log_set_all_levels	src/ndlib/log.c
TelnetServer_DisconnectTerminal	telnet_server_disconnect_terminal	src/ndlib/telnetserver.c
