AdjustSTS	cpu_adjust_sts
COM5025IOTimer_SetCallback	com5025_reg_set_callback
COM5025Registers_AdjustTimer	com5025_reg_adjust_timer
COM5025Registers_AggregateTXCrc	com5025_reg_aggregate_tx_crc
COM5025Registers_CalcFinalTxCrc	com5025_reg_calc_final_tx_crc
COM5025Registers_CalcRXCrc	com5025_reg_calc_rx_crc
COM5025Registers_Clear	com5025_reg_clear
COM5025Registers_Clock	com5025_reg_clock
COM5025Registers_DataReceived	com5025_reg_data_received
COM5025Registers_Destroy	com5025_reg_destroy
COM5025Registers_GetReceiverCharacterLen	com5025_reg_get_receiver_character_len
COM5025Registers_GetTransmitterCharacterLen	com5025_reg_get_transmitter_character_len
COM5025Registers_Init	com5025_reg_init
COM5025Registers_IsNextByteSync	com5025_reg_is_next_byte_sync
COM5025Registers_IsProtocolModeCCP	com5025_reg_is_protocol_mode_ccp
COM5025Registers_IsRxCrcEqual	com5025_reg_is_rx_crc_equal
COM5025Registers_IsTxCrcEqual	com5025_reg_is_tx_crc_equal
COM5025Registers_MarkDataAsReceived	com5025_reg_mark_data_as_received
COM5025Registers_QueueReceivedData	com5025_reg_queue_received_data
COM5025Registers_SetClockSpeed	com5025_reg_set_clock_speed
COM5025Registers_SetModeControl	com5025_reg_set_mode_control
COM5025Registers_SetReceiverStatus	com5025_reg_set_receiver_status
COM5025_ClockReceiver	com5025_clock_receiver
COM5025_ClockTransmitter	com5025_clock_transmitter
COM5025_GetInputPin	com5025_get_input_pin
COM5025_GetOutputPin	com5025_get_output_pin
COM5025_Init	com5025_init
COM5025_ReadByte	com5025_read_byte
COM5025_ReadWord	com5025_read_word
COM5025_ReceiveData	com5025_receive_data
COM5025_Reset	com5025_reset
COM5025_SetInputPin	com5025_set_input_pin
COM5025_SetReceiverStatus	com5025_set_receiver_status
COM5025_TransmitData	com5025_transmit_data
COM5025_WriteByte	com5025_write_byte
COM5025_WriteWord	com5025_write_word
CdcDevice_SetBackingFile	cdc_set_backing_file
Config_Init	config_init
Config_ParseCommandLine	config_parse_command_line
Config_PrintHelp	config_print_help
CpuModel_Count	cpumodel_count
CpuModel_DisplayName	cpumodel_display_name
CpuModel_FromName	cpumodel_from_name
CpuModel_Name	cpumodel_name
CpuModel_NameByIndex	cpumodel_name_by_index
CreateCdcDevice	cdc_create_device
CreateDrumDevice	drum_create_device
CreateFloppyDMADevice	floppy_dma_create_device
CreateFloppyPIODevice	floppy_pio_create_device
CreateHDLCDevice	hdlc_create_device
CreateLinePrinterDevice	lp_create_line_printer_device
CreatePagingTables	mms_create_paging_tables
CreatePaperTapeDevice	ptr_create_paper_tape_device
CreatePaperTapeWriterDevice	ptp_create_paper_tape_writer_device
CreateRTCDevice	rtc_create_device
CreateSCSIDevice	scsi_create_device
CreateSMDDevice	smd_create_device
CreateTerminalDevice	terminal_create_device
CreateWinchesterDevice	wd_create_winchester_device
DCB_Clear	dcb_clear
DCB_ClearDMAReadData	dcb_clear_dma_read_data
DCB_GetBufferAddress	dcb_get_buffer_address
DCB_GetByteCount	dcb_get_byte_count
DCB_GetDMAAddress	dcb_get_dma_address
DCB_GetDMABytesRead	dcb_get_dma_bytes_read
DCB_GetDMABytesWritten	dcb_get_dma_bytes_written
DCB_GetDMAReadData	dcb_get_dma_read_data
DCB_GetDataFlowCost	dcb_get_data_flow_cost
DCB_GetDataMemoryAddress	dcb_get_data_memory_address
DCB_GetDisplacement	dcb_get_displacement
DCB_GetKey	dcb_get_key
DCB_GetKeyValue	dcb_get_key_value
DCB_GetListPointer	dcb_get_list_pointer
DCB_GetOffsetFromLP	dcb_get_offset_from_lp
DCB_HasREOMFlag	dcb_has_reom_flag
DCB_HasRSOMFlag	dcb_has_rsom_flag
DCB_Init	dcb_init
DCB_IsDMAReadDataValid	dcb_is_dma_read_data_valid
DCB_SetBufferAddress	dcb_set_buffer_address
DCB_SetByteCount	dcb_set_byte_count
DCB_SetDMAAddress	dcb_set_dma_address
DCB_SetDMABytesRead	dcb_set_dma_bytes_read
DCB_SetDMABytesWritten	dcb_set_dma_bytes_written
DCB_SetDMAReadData	dcb_set_dma_read_data
DCB_SetDataMemoryAddress	dcb_set_data_memory_address
DCB_SetDisplacement	dcb_set_displacement
DCB_SetKeyValue	dcb_set_key_value
DCB_SetListPointer	dcb_set_list_pointer
DCB_SetOffsetFromLP	dcb_set_offset_from_lp
DMAControlBlocks_Clear	dmacb_clear
DMAControlBlocks_DebugTXFrames	dmacb_debug_tx_frames
DMAControlBlocks_Destroy	dmacb_destroy
DMAControlBlocks_Init	dmacb_init
DMAControlBlocks_IsNextRXbufValid	dmacb_is_next_r_xbuf_valid
DMAControlBlocks_LoadBufferDescription	dmacb_load_buffer_description
DMAControlBlocks_LoadNextRXBuffer	dmacb_load_next_rx_buffer
DMAControlBlocks_LoadNextTXBuffer	dmacb_load_next_tx_buffer
DMAControlBlocks_LoadRXBuffer	dmacb_load_rx_buffer
DMAControlBlocks_LoadTXBuffer	dmacb_load_tx_buffer
DMAControlBlocks_MarkBufferReceived	dmacb_mark_buffer_received
DMAControlBlocks_MarkBufferSent	dmacb_mark_buffer_sent
DMAControlBlocks_ReadNextByteDMA	dmacb_read_next_byte_dma
DMAControlBlocks_SetRXPointer	dmacb_set_rx_pointer
DMAControlBlocks_SetReadDMACallback	dmacb_set_read_dma_callback
DMAControlBlocks_SetTXPointer	dmacb_set_tx_pointer
DMAControlBlocks_SetWriteDMACallback	dmacb_set_write_dma_callback
DMAControlBlocks_WriteNextByteDMA	dmacb_write_next_byte_dma
DMAEngine_CommandDeviceClear	dma_engine_command_device_clear
DMAEngine_CommandDumpDataModule	dma_engine_command_dump_data_module
DMAEngine_CommandDumpRegisters	dma_engine_command_dump_registers
DMAEngine_CommandInitialize	dma_engine_command_initialize
DMAEngine_CommandLoadRegisters	dma_engine_command_load_registers
DMAEngine_CommandReceiverContinue	dma_engine_command_receiver_continue
DMAEngine_CommandReceiverStart	dma_engine_command_receiver_start
DMAEngine_CommandTransmitterStart	dma_engine_command_transmitter_start
DMAEngine_Destroy	dma_engine_destroy
DMAEngine_ExecuteCommand	dma_engine_execute_command
DMAEngine_GetBufferKeyVault	dma_engine_get_buffer_key_vault
DMAEngine_Init	dma_engine_init
DMAEngine_OnReadDMA	dma_engine_on_read_dma
DMAEngine_OnWriteDMA	dma_engine_on_write_dma
DMAEngine_ScanNextTXBuffer	dma_engine_scan_next_tx_buffer
DMAEngine_SetClearCommandCallback	dma_engine_set_clear_command_callback
DMAEngine_SetDMAAddress	dma_engine_set_dma_address
DMAEngine_SetInterruptCallback	dma_engine_set_interrupt_callback
DMAEngine_SetReadDMACallback	dma_engine_set_read_dma_callback
DMAEngine_SetSendFrameCallback	dma_engine_set_send_frame_callback
DMAEngine_SetUpdateReceiverStatusCallback	dma_engine_set_update_receiver_status_callback
DMAEngine_SetWriteDMACallback	dma_engine_set_write_dma_callback
DMAEngine_Tick	dma_engine_tick
DMAReceiver_Clear	dma_rx_clear
DMAReceiver_Destroy	dma_rx_destroy
DMAReceiver_Init	dma_rx_init
DMAReceiver_ReceiveDataFromModem	dma_rx_receive_data_from_modem
DMAReceiver_SetInterruptCallback	dma_rx_set_interrupt_callback
DMAReceiver_SetReceiverState	dma_rx_set_receiver_state
DMAReceiver_Tick	dma_rx_tick
DMATransmitter_Clear	dma_tx_clear
DMATransmitter_Destroy	dma_tx_destroy
DMATransmitter_Init	dma_tx_init
DMATransmitter_SetInterruptCallback	dma_tx_set_interrupt_callback
DMATransmitter_SetSendFrameCallback	dma_tx_set_send_frame_callback
DMATransmitter_SetSenderState	dma_tx_set_sender_state
DMATransmitter_Tick	dma_tx_tick
DestroyPagingTables	mms_destroy_paging_tables
DeviceManager_AddAllDevices	devmgr_add_all_devices
DeviceManager_AddDevice	devmgr_add_device
DeviceManager_AddHDLCDevice_WithConfig	devmgr_add_hdlc_device_with_config
DeviceManager_AddSCSIDevice_WithConfig	devmgr_add_scsi_device_with_config
DeviceManager_BootFrom	devmgr_boot_from
DeviceManager_Destroy	devmgr_destroy
DeviceManager_GetDeviceByAddress	devmgr_get_device_by_address
DeviceManager_GetDeviceByIndex	devmgr_get_device_by_index
DeviceManager_GetDeviceCount	devmgr_get_device_count
DeviceManager_Ident	devmgr_ident
DeviceManager_Init	devmgr_init
DeviceManager_IotOp	devmgr_iot_op
DeviceManager_MasterClear	devmgr_master_clear
DeviceManager_Read	devmgr_read
DeviceManager_Tick	devmgr_tick
DeviceManager_Write	devmgr_write
Device_Boot	dev_boot
Device_DMARead	dev_dma_read
Device_DMAWrite	dev_dma_write
Device_Destroy	dev_destroy
Device_GenerateInterrupt	dev_generate_interrupt
Device_GetOddParity	dev_get_odd_parity
Device_IO_BufferReadWord	dev_io_buffer_read_word
Device_IO_BufferWriteWord	dev_io_buffer_write_word
Device_IO_ReadWord	dev_io_read_word
Device_IO_Seek	dev_io_seek
Device_IO_WriteWord	dev_io_write_word
Device_Ident	dev_ident
Device_Init	dev_init
Device_InputCharacter	dev_input_character
Device_IsInAddress	dev_is_in_address
Device_OutputCharacter	dev_output_character
Device_QueueIODelay	dev_queue_io_delay
Device_Read	dev_read
Device_ReadBlock	dev_read_block
Device_RegisterAddress	dev_register_address
Device_Reset	dev_reset
Device_SetBlockDiskInfo	dev_set_block_disk_info
Device_SetBlockRead	dev_set_block_read
Device_SetBlockWrite	dev_set_block_write
Device_SetCharacterInput	dev_set_character_input
Device_SetCharacterOutput	dev_set_character_output
Device_SetInterruptStatus	dev_set_interrupt_status
Device_Tick	dev_tick
Device_TickIODelay	dev_tick_io_delay
Device_Write	dev_write
Device_WriteBlock	dev_write_block
DiskSCSI_LastLBA	scsi_disk_last_lba
DiskSCSI_SetDiskType	scsi_disk_set_type
DiskSMD_SetDiskType	smd_disk_set_type
DiskWinchester_ChsToLba	wd_disk_chs_to_lba
DiskWinchester_SetDiskType	wd_disk_set_type
DoDNZ	float_do_dnz
DoDNZ32	float_do_dnz32
DoNLZ	float_do_nlz
DoNLZ32	float_do_nlz32
DrumDevice_SetBackingFile	drum_set_backing_file
Escp_Create	escp_create
Escp_Destroy	escp_destroy
Escp_GetPageCount	escp_get_page_count
Escp_GetSpans	escp_get_spans
Escp_PutChar	escp_put_char
Escp_Reset	escp_reset
Escp_StripToPlainChar	escp_strip_to_plain_char
FetchVirtualMemory	mms_fetch_virtual_memory
GetBCD	cpu_get_bcd
GetLastBPUNHeader	bpun_get_last_header
GetLastPROGHeader	prog_get_last_header
GetPTShadowAddress	mms_get_pt_shadow_address
GetPageTableEntry	mms_get_page_table_entry
GetPageTableEntryDebugInfo	mms_get_page_table_entry_debug_info
GetPageTableEntryForDebugger	mms_get_page_table_entry_for_debugger
GetPageTableMemoryRange	debugger_get_page_table_memory_range
GetPhysicalMemoryType	mms_get_physical_memory_type
HDLCFrame_AddByte	hdlc_frame_add_byte
HDLCFrame_AddBytes	hdlc_frame_add_bytes
HDLCFrame_BuildFrame	hdlc_frame_build_frame
HDLCFrame_CalculateCRC	hdlc_frame_calculate_crc
HDLCFrame_DestuffByte	hdlc_frame_destuff_byte
HDLCFrame_GetFrameData	hdlc_frame_get_frame_data
HDLCFrame_GetFrameLength	hdlc_frame_get_frame_length
HDLCFrame_Init	hdlc_frame_init
HDLCFrame_IsCRCValid	hdlc_frame_is_crc_valid
HDLCFrame_IsFrameComplete	hdlc_frame_is_frame_complete
HDLCFrame_Reset	hdlc_frame_reset
HDLCFrame_StuffByte	hdlc_frame_stuff_byte
HDLCFrame_UpdateCRC	hdlc_frame_update_crc
HDLC_BridgeInjectRx	hdlc_bridge_inject_rx
HDLC_CRC_AddParityBit	hdlc_crc_crc_add_parity_bit
HDLC_CRC_CalcCCITT	hdlc_crc_crc_calc_ccitt
HDLC_CRC_CalcCrc16	hdlc_crc_crc_calc_crc_16
HDLC_CRC_CalculateCRC16Buffer	hdlc_crc_crc_calculate_crc16_buffer
HDLC_CRC_CheckParity	hdlc_crc_crc_check_parity
HDLC_GetRxFrameStatus	hdlc_get_rx_frame_status
HandleMPV	mms_handle_mpv
HandleMemoryOutOfRange	mms_handle_memory_out_of_range
HandlePF	mms_handle_pf
IO_Destroy	io_destroy
IO_Ident	io_ident
IO_Init	io_init
IsAddressShadowMemory	mms_is_address_shadow_memory
LoadBPUN	bpun_load
LoadPROG	prog_load
Log_CategoryName	log_category_name
Log_ParseSpec	log_parse_spec
Log_SetLevel	log_set_level
Log_SetSink	log_set_sink
Log_Write	log_write
MC_CtrlTypeName	mc_ctrl_type_name
MC_DescriptorForType	mc_descriptor_for_type
MachineConfig_ApplyCpu	mc_apply_cpu
MachineConfig_ApplyDevices	mc_apply_devices
MachineConfig_CpuTypeForNumber	mc_cpu_type_for_number
MachineConfig_DefaultIniName	mc_default_ini_name
MachineConfig_InitBaseline	mc_init_baseline
MachineConfig_LoadFile	mc_load_file
MachineConfig_Print	mc_print
MachineConfig_SetDefaults	mc_set_defaults
MachineConfig_ToJson	mc_to_json
MachineConfig_Validate	mc_validate
MachineConfig_WriteFile	mc_write_file
MemoryRead	cpu_memory_read
MemoryWrite	cpu_memory_write
Modem_Destroy	modem_destroy
Modem_Init	modem_init
Modem_SendByte	modem_send_byte
Modem_SendBytes	modem_send_bytes
Modem_SetCTS	modem_set_cts
Modem_SetCarrierPresent	modem_set_carrier_present
Modem_SetClearToSendCallback	modem_set_clear_to_send_callback
Modem_SetDSR	modem_set_dsr
Modem_SetDTR	modem_set_dtr
Modem_SetDataSetReadyCallback	modem_set_data_set_ready_callback
Modem_SetDataTerminalReadyCallback	modem_set_data_terminal_ready_callback
Modem_SetRTS	modem_set_rts
Modem_SetReceivedDataCallback	modem_set_received_data_callback
Modem_SetRequestToSendCallback	modem_set_request_to_send_callback
Modem_SetRingIndicatorCallback	modem_set_ring_indicator_callback
Modem_SetSignalDetectorCallback	modem_set_signal_detector_callback
Modem_SetWasmBridgeChannel	modem_set_wasm_bridge_channel
Modem_StartModem	modem_start
Modem_StartWasmBridge	modem_start_wasm_bridge
Modem_Tick	modem_tick
NDFloat_Add	float_add
NDFloat_Add32	float_add_32
NDFloat_Div	float_div
NDFloat_Div32	float_div_32
NDFloat_Mul	float_mul
NDFloat_Mul32	float_mul_32
NDFloat_Sub	float_sub
NDFloat_Sub32	float_sub_32
New_GetEffectiveAddr	cpu_get_effective_addr
OpToStr	disasm_op_to_str
PT_Read	mms_read
PT_Write	mms_write
PaperTapeWriter_GetTapeData	ptp_get_tape_data
PaperTape_LoadTape	ptr_load_tape
ParameterBuffer_Clear	dma_params_clear
ParameterBuffer_GetCharacterLength	dma_params_get_character_length
ParameterBuffer_GetDisplacement1	dma_params_get_displacement_1
ParameterBuffer_GetDisplacement2	dma_params_get_displacement_2
ParameterBuffer_GetDmaBankBits	dma_params_get_dma_bank_bits
ParameterBuffer_GetMaxReceiverBlockLength	dma_params_get_max_receiver_block_length
ParameterBuffer_GetParameterControlRegister	dma_params_get_control_register
ParameterBuffer_GetReceiverStatusReg	dma_params_get_receiver_status_reg
ParameterBuffer_GetSyncAddressRegister	dma_params_get_sync_address_register
ParameterBuffer_GetTransmitterStatusReg	dma_params_get_transmitter_status_reg
ParameterBuffer_Init	dma_params_init
ParameterBuffer_SetCharacterLength	dma_params_set_character_length
ParameterBuffer_SetDisplacement1	dma_params_set_displacement_1
ParameterBuffer_SetDisplacement2	dma_params_set_displacement_2
ParameterBuffer_SetDmaBankBits	dma_params_set_dma_bank_bits
ParameterBuffer_SetMaxReceiverBlockLength	dma_params_set_max_receiver_block_length
ParameterBuffer_SetParameterControlRegister	dma_params_set_control_register
ParameterBuffer_SetReceiverStatusReg	dma_params_set_receiver_status_reg
ParameterBuffer_SetSyncAddressRegister	dma_params_set_sync_address_register
ParameterBuffer_SetTransmitterStatusReg	dma_params_set_transmitter_status_reg
Pdf_AddPage	pdf_add_page
Pdf_AddTextSpan	pdf_add_text_span
Pdf_Create	pdf_create
Pdf_Destroy	pdf_destroy
Pdf_WriteToFile	pdf_write_to_file
PhysMemRead	cpu_phys_mem_read
PhysMemWrite	cpu_phys_mem_write
PrintJob_CheckTimeout	pj_check_timeout
PrintJob_Create	pj_create
PrintJob_Destroy	pj_destroy
PrintJob_Flush	pj_flush
PrintJob_PutChar	pj_put_char
ProcessTerminalLamp	panel_process_terminal_lamp
ProcessTerminalPanc	panel_process_terminal_panc
RTC_SetWallClockMode	rtc_set_wall_clock_mode
ReadIndirectVirtualMemory	mms_read_indirect_virtual_memory
ReadPhysicalMemory	mms_read_physical_memory
ReadVirtualMemory	mms_read_virtual_memory
SCSIBus_AddDevice	scsi_bus_add_device
SCSIBus_Clock	scsi_bus_clock
SCSIBus_ControlRead	scsi_bus_control_read
SCSIBus_ControlWait	scsi_bus_control_wait
SCSIBus_ControlWrite	scsi_bus_control_write
SCSIBus_DataRead	scsi_bus_data_read
SCSIBus_DataWrite	scsi_bus_data_write
SCSIBus_Init	scsi_bus_init
SCSIBus_PhaseName	scsi_bus_phase_name
SCSIHDD_Init	scsi_hdd_init
SCSITarget_DataIn	scsi_device_data_in
SCSITarget_DataOut	scsi_device_data_out
SCSITarget_DefaultGetData	scsi_device_default_get_data
SCSITarget_DefaultPutData	scsi_device_default_put_data
SCSITarget_DeviceReset	scsi_device_device_reset
SCSITarget_Init	scsi_device_init
SCSITarget_ReportBadCmd	scsi_device_report_bad_cmd
SCSITarget_ReportBadLun	scsi_device_report_bad_lun
SCSITarget_Sense	scsi_device_sense
SCSITarget_StatusComplete	scsi_device_status_complete
SCSI_ParseUnitType	scsi_parse_unit_type
SCSI_SetUnitType	scsi_set_unit_type
SCSI_UnitTypeName	scsi_unit_type_name
SetPageUsed	mms_set_page_used
SetPageWritten	mms_set_page_written
Setup_Instructions	cpu_instructions
StoreBCD	cpu_store_bcd
TcpReceiveBuffer_Available	rxbuf_available
TcpReceiveBuffer_Clear	rxbuf_clear
TcpReceiveBuffer_DequeueByte	rxbuf_dequeue_byte
TcpReceiveBuffer_Destroy	rxbuf_destroy
TcpReceiveBuffer_Enqueue	rxbuf_enqueue
TcpReceiveBuffer_Init	rxbuf_init
TelnetServer_ClearDeviceCarrier	telnet_clear_device_carrier
TelnetServer_Create	telnet_create
TelnetServer_Destroy	telnet_destroy
TelnetServer_DisconnectDevice	telnet_disconnect_device
TelnetServer_DropAllPending	telnet_drop_all_pending
TelnetServer_DropPending	telnet_drop_pending
TelnetServer_GetDeviceClientAddr	telnet_get_device_client_addr
TelnetServer_GetPendingCount	telnet_get_pending_count
TelnetServer_GetPendingInfo	telnet_get_pending_info
TelnetServer_GetPort	telnet_get_port
TelnetServer_GetTerminalCount	telnet_get_terminal_count
TelnetServer_GetTerminalStats	telnet_get_terminal_stats
TelnetServer_IsDeviceConnected	telnet_is_device_connected
TelnetServer_RegisterTerminal	telnet_register_terminal
TelnetServer_SetDeviceLocallyActive	telnet_set_device_locally_active
TelnetServer_SetTerminalLocallyActive	telnet_set_terminal_locally_active
TelnetServer_Start	telnet_start
TelnetServer_Stop	telnet_stop
Terminal_QueueKeyCode	terminal_queue_key_code
UpdatePGS	mms_update_pgs
UpdatePageTableEntry	mms_update_page_table_entry
VScreen_Destroy	vscreen_destroy
VScreen_Init	vscreen_init
VScreen_Redraw	vscreen_redraw
VScreen_Write	vscreen_write
WritePhysicalMemory	mms_write_physical_memory
WritePhysicalMemoryWM	mms_write_physical_memory_wm
WriteVirtualMemory	mms_write_virtual_memory
add_A_mem	cpu_add_a_mem
autoMountDrives	machine_auto_mount_drives
bp_load	bpun_bp_load
breakpoint_manager_add	bkpt_manager_add
breakpoint_manager_cleanup	bkpt_manager_cleanup
breakpoint_manager_clear	bkpt_manager_clear
breakpoint_manager_clear_type	bkpt_manager_clear_type
breakpoint_manager_get_last_hit	bkpt_manager_get_last_hit
breakpoint_manager_init	bkpt_manager_init
breakpoint_manager_remove	bkpt_manager_remove
breakpoint_manager_step_one	bkpt_manager_step_one
calcIIC	cpu_calc_iic
checkPageProtection	mms_check_page_protection
check_for_breakpoint	bkpt_check_hit
cleanup	nd100x_cleanup
cleanup_cpu	cpu_cleanup
cleanup_machine	machine_cleanup
clrbit	cpu_clrbit
cpu_set_ring_at_pf	mms_cpu_set_ring_at_pf
dbg_get_scopes_json	debugger_dbg_get_scopes_json
dbg_get_server	debugger_dbg_get_server
dbg_get_stack_trace_json	debugger_dbg_get_stack_trace_json
dbg_get_threads_json	debugger_dbg_get_threads_json
dbg_get_variables_json	debugger_dbg_get_variables_json
dbg_step_in	debugger_dbg_step_in
dbg_step_out	debugger_dbg_step_out
dbg_step_over	debugger_dbg_step_over
device_interrupt	cpu_device_interrupt
do_op	cpu_do_op
download_file	dl_download_file
extract_opcode	disasm_extract_opcode
find_stack_return_address	debugger_find_stack_return_address
find_symbol_by_address	debugger_find_symbol_by_address
get_cpu_run_mode	cpu_get_run_mode
get_cpu_stop_reason	cpu_get_stop_reason
get_debugger_control_granted	cpu_get_debugger_control_granted
get_debugger_request_pause	cpu_get_debugger_request_pause
get_downloaded_size	dl_get_downloaded_size
get_source_location	debugger_get_source_location
get_symbol_for_address	debugger_get_symbol_for_address
getbit	cpu_getbit
illegal_instr	cpu_illegal_instr
init_cpu_debugger	cpu_init_debugger
init_drive_arrays	machine_init_drive_arrays
interrupt	cpu_interrupt
isMounted	machine_is_mounted
keyboard_set_pipe_mode	kbd_set_pipe_mode
list_mount	machine_list_mount
mapVirtualToPhysical	mms_map_virtual_to_physical
mount_drive	machine_mount_drive
mount_drive_gateway	machine_mount_drive_gateway
mount_drive_opfs	machine_mount_drive_opfs
mount_floppy	machine_mount_floppy
mount_scsi	machine_mount_scsi
mount_smd	machine_mount_smd
mount_winchester	machine_mount_winchester
ndx_server_init	debugger_ndx_server_init
ndx_server_stop	debugger_ndx_server_stop
ndx_server_terminate	debugger_ndx_server_terminate
phys_watchpoint_add	bkpt_phys_watchpoint_add
phys_watchpoint_check	bkpt_phys_watchpoint_check
phys_watchpoint_clear	bkpt_phys_watchpoint_clear
phys_watchpoint_get	bkpt_phys_watchpoint_get
phys_watchpoint_get_count	bkpt_phys_watchpoint_get_count
phys_watchpoint_remove	bkpt_phys_watchpoint_remove
program_load	machine_program_load
rdiv_org	cpu_rdiv_org
read_key_event	kbd_read_key_event
ring_dump	cpu_ring_dump
rmpy_org	cpu_rmpy_org
scsi_get_u16be	scsi_device_scsi_get_u16_be
scsi_get_u24be	scsi_device_scsi_get_u24_be
scsi_get_u32be	scsi_device_scsi_get_u32_be
scsi_put_u16be	scsi_device_scsi_put_u16_be
scsi_put_u24be	scsi_device_scsi_put_u24_be
scsi_put_u32be	scsi_device_scsi_put_u32_be
setPEA	cpu_set_pea
setPES	cpu_set_pes
setPGS	cpu_set_pgs
setPIL	cpu_set_pil
set_cpu_run_mode	cpu_set_run_mode
set_cpu_stop_reason	cpu_set_stop_reason
set_debugger_control_granted	cpu_set_debugger_control_granted
set_debugger_request_pause	cpu_set_debugger_request_pause
setbit	cpu_setbit
setbit_STS_MSB	cpu_setbit_sts_msb
setcbreak	ndlib_setcbreak
setdefaultconfig	machine_setdefaultconfig
setreg	cpu_setreg
setup_pap	panel_setup_pap
signExtend	cpu_sign_extend
start_debugger	debugger_start
step_cpu	debugger_step_cpu
stop_debugger_thread	debugger_stop_thread
sub_A_mem	cpu_sub_a_mem
unmount_drive	machine_unmount_drive
unsetcbreak	ndlib_unsetcbreak
update_stack_frame	debugger_update_stack_frame
watchpoint_add	bkpt_watchpoint_add
watchpoint_check	bkpt_watchpoint_check
watchpoint_check_slow	bkpt_watchpoint_check_slow
watchpoint_clear	bkpt_watchpoint_clear
watchpoint_get	bkpt_watchpoint_get
watchpoint_get_count	bkpt_watchpoint_get_count
watchpoint_remove	bkpt_watchpoint_remove
