# Rule 3.1 proposal. Read before applying; nothing is renamed by
# this script. Prefixes come from docs/house-audit/prefixes.tsv.
file	line	prefix	old	new
src/cpu/cpu.c	240	cpu	do_op	cpu_do_op
src/cpu/cpu.c	286	cpu	New_GetEffectiveAddr	cpu_get_effective_addr
src/cpu/cpu.c	362	cpu	calcIIC	cpu_calc_iic
src/cpu/cpu.c	432	cpu	interrupt	cpu_interrupt
src/cpu/cpu.c	488	cpu	device_interrupt	cpu_device_interrupt
src/cpu/cpu.c	513	cpu	PhysMemWrite	cpu_phys_mem_write
src/cpu/cpu.c	522	cpu	PhysMemRead	cpu_phys_mem_read
src/cpu/cpu.c	564	cpu	MemoryWrite	cpu_memory_write
src/cpu/cpu.c	584	cpu	MemoryRead	cpu_memory_read
src/cpu/cpu.c	880	cpu	ring_dump	cpu_ring_dump
src/cpu/cpu.c	1197	cpu	init_cpu_debugger	cpu_init_debugger
src/cpu/cpu.c	1242	cpu	cleanup_cpu	cpu_cleanup
src/cpu/cpu.c	1258	cpu	set_debugger_request_pause	cpu_set_debugger_request_pause
src/cpu/cpu.c	1274	cpu	get_debugger_request_pause	cpu_get_debugger_request_pause
src/cpu/cpu.c	1295	cpu	set_debugger_control_granted	cpu_set_debugger_control_granted
src/cpu/cpu.c	1311	cpu	get_debugger_control_granted	cpu_get_debugger_control_granted
src/cpu/cpu.c	1331	cpu	set_cpu_stop_reason	cpu_set_stop_reason
src/cpu/cpu.c	1345	cpu	get_cpu_stop_reason	cpu_get_stop_reason
src/cpu/cpu.c	1364	cpu	set_cpu_run_mode	cpu_set_run_mode
src/cpu/cpu.c	1380	cpu	get_cpu_run_mode	cpu_get_run_mode
src/cpu/cpu_bkpt.c	72	bkpt	breakpoint_manager_init	bkpt_manager_init
src/cpu/cpu_bkpt.c	86	bkpt	breakpoint_manager_cleanup	bkpt_manager_cleanup
src/cpu/cpu_bkpt.c	98	bkpt	breakpoint_manager_step_one	bkpt_manager_step_one
src/cpu/cpu_bkpt.c	110	bkpt	breakpoint_manager_add	bkpt_manager_add
src/cpu/cpu_bkpt.c	154	bkpt	breakpoint_manager_remove	bkpt_manager_remove
src/cpu/cpu_bkpt.c	192	bkpt	breakpoint_manager_clear	bkpt_manager_clear
src/cpu/cpu_bkpt.c	214	bkpt	breakpoint_manager_clear_type	bkpt_manager_clear_type
src/cpu/cpu_bkpt.c	326	bkpt	check_for_breakpoint	bkpt_check_hit
src/cpu/cpu_bkpt.c	438	bkpt	breakpoint_manager_get_last_hit	bkpt_manager_get_last_hit
src/cpu/cpu_bkpt.c	501	bkpt	watchpoint_add	bkpt_watchpoint_add
src/cpu/cpu_bkpt.c	529	bkpt	watchpoint_remove	bkpt_watchpoint_remove
src/cpu/cpu_bkpt.c	549	bkpt	watchpoint_check_slow	bkpt_watchpoint_check_slow
src/cpu/cpu_bkpt.c	593	bkpt	watchpoint_check	bkpt_watchpoint_check
src/cpu/cpu_bkpt.c	599	bkpt	watchpoint_clear	bkpt_watchpoint_clear
src/cpu/cpu_bkpt.c	610	bkpt	watchpoint_get_count	bkpt_watchpoint_get_count
src/cpu/cpu_bkpt.c	616	bkpt	watchpoint_get	bkpt_watchpoint_get
src/cpu/cpu_bkpt.c	653	bkpt	phys_watchpoint_add	bkpt_phys_watchpoint_add
src/cpu/cpu_bkpt.c	680	bkpt	phys_watchpoint_remove	bkpt_phys_watchpoint_remove
src/cpu/cpu_bkpt.c	696	bkpt	phys_watchpoint_check	bkpt_phys_watchpoint_check
src/cpu/cpu_bkpt.c	731	bkpt	phys_watchpoint_clear	bkpt_phys_watchpoint_clear
src/cpu/cpu_bkpt.c	742	bkpt	phys_watchpoint_get_count	bkpt_phys_watchpoint_get_count
src/cpu/cpu_bkpt.c	748	bkpt	phys_watchpoint_get	bkpt_phys_watchpoint_get
src/cpu/cpu_disasm.c	72	disasm	OpToStr	disasm_op_to_str
src/cpu/cpu_disasm.c	967	disasm	extract_opcode	disasm_extract_opcode
src/cpu/cpu_instr.c	95	cpu	signExtend	cpu_sign_extend
src/cpu/cpu_instr.c	166	cpu	illegal_instr	cpu_illegal_instr
src/cpu/cpu_instr.c	2079	cpu	add_A_mem	cpu_add_a_mem
src/cpu/cpu_instr.c	6937	cpu	sub_A_mem	cpu_sub_a_mem
src/cpu/cpu_instr.c	6977	cpu	rdiv_org	cpu_rdiv_org
src/cpu/cpu_instr.c	7088	cpu	rmpy_org	cpu_rmpy_org
src/cpu/cpu_instr.c	7206	cpu	GetBCD	cpu_get_bcd
src/cpu/cpu_instr.c	7212	cpu	StoreBCD	cpu_store_bcd
src/cpu/cpu_instr.c	7274	cpu	Setup_Instructions	cpu_instructions
src/cpu/cpu_mms.c	46	mms	cpu_set_ring_at_pf	mms_cpu_set_ring_at_pf
src/cpu/cpu_mms.c	54	mms	CreatePagingTables	mms_create_paging_tables
src/cpu/cpu_mms.c	124	mms	DestroyPagingTables	mms_destroy_paging_tables
src/cpu/cpu_mms.c	134	mms	GetPTShadowAddress	mms_get_pt_shadow_address
src/cpu/cpu_mms.c	171	mms	PT_Write	mms_write
src/cpu/cpu_mms.c	217	mms	PT_Read	mms_read
src/cpu/cpu_mms.c	235	mms	GetPageTableEntry	mms_get_page_table_entry
src/cpu/cpu_mms.c	280	mms	GetPageTableEntryForDebugger	mms_get_page_table_entry_for_debugger
src/cpu/cpu_mms.c	319	mms	UpdatePageTableEntry	mms_update_page_table_entry
src/cpu/cpu_mms.c	346	mms	SetPageUsed	mms_set_page_used
src/cpu/cpu_mms.c	363	mms	SetPageWritten	mms_set_page_written
src/cpu/cpu_mms.c	391	mms	GetPageTableEntryDebugInfo	mms_get_page_table_entry_debug_info
src/cpu/cpu_mms.c	453	mms	mapVirtualToPhysical	mms_map_virtual_to_physical
src/cpu/cpu_mms.c	650	mms	UpdatePGS	mms_update_pgs
src/cpu/cpu_mms.c	708	mms	checkPageProtection	mms_check_page_protection
src/cpu/cpu_mms.c	794	mms	IsAddressShadowMemory	mms_is_address_shadow_memory
src/cpu/cpu_mms.c	847	mms	ReadVirtualMemory	mms_read_virtual_memory
src/cpu/cpu_mms.c	863	mms	ReadIndirectVirtualMemory	mms_read_indirect_virtual_memory
src/cpu/cpu_mms.c	874	mms	FetchVirtualMemory	mms_fetch_virtual_memory
src/cpu/cpu_mms.c	885	mms	WriteVirtualMemory	mms_write_virtual_memory
src/cpu/cpu_mms.c	909	mms	GetPhysicalMemoryType	mms_get_physical_memory_type
src/cpu/cpu_mms.c	1086	mms	ReadPhysicalMemory	mms_read_physical_memory
src/cpu/cpu_mms.c	1119	mms	WritePhysicalMemory	mms_write_physical_memory
src/cpu/cpu_mms.c	1126	mms	WritePhysicalMemoryWM	mms_write_physical_memory_wm
src/cpu/cpu_mms.c	1196	mms	HandleMemoryOutOfRange	mms_handle_memory_out_of_range
src/cpu/cpu_mms.c	1206	mms	HandleMPV	mms_handle_mpv
src/cpu/cpu_mms.c	1240	mms	HandlePF	mms_handle_pf
src/cpu/cpu_model.c	47	cpumodel	CpuModel_FromName	cpumodel_from_name
src/cpu/cpu_model.c	67	cpumodel	CpuModel_Name	cpumodel_name
src/cpu/cpu_model.c	83	cpumodel	CpuModel_DisplayName	cpumodel_display_name
src/cpu/cpu_model.c	114	cpumodel	CpuModel_Count	cpumodel_count
src/cpu/cpu_model.c	119	cpumodel	CpuModel_NameByIndex	cpumodel_name_by_index
src/cpu/cpu_regs.c	38	cpu	setPIL	cpu_set_pil
src/cpu/cpu_regs.c	57	cpu	setPEA	cpu_set_pea
src/cpu/cpu_regs.c	68	cpu	setPES	cpu_set_pes
src/cpu/cpu_regs.c	79	cpu	setPGS	cpu_set_pgs
src/cpu/cpu_regs.c	93	cpu	setreg	cpu_setreg
src/cpu/cpu_regs.c	105	cpu	getbit	cpu_getbit
src/cpu/cpu_regs.c	122	cpu	clrbit	cpu_clrbit
src/cpu/cpu_regs.c	134	cpu	setbit_STS_MSB	cpu_setbit_sts_msb
src/cpu/cpu_regs.c	151	cpu	setbit	cpu_setbit
src/cpu/cpu_regs.c	179	cpu	AdjustSTS	cpu_adjust_sts
src/cpu/float.c	245	float	NDFloat_Add	float_add
src/cpu/float.c	271	float	NDFloat_Sub	float_sub
src/cpu/float.c	300	float	NDFloat_Mul	float_mul
src/cpu/float.c	341	float	NDFloat_Div	float_div
src/cpu/float.c	401	float	DoNLZ	float_do_nlz
src/cpu/float.c	449	float	DoDNZ	float_do_dnz
src/cpu/float.c	601	float	NDFloat_Add32	float_add_32
src/cpu/float.c	647	float	NDFloat_Sub32	float_sub_32
src/cpu/float.c	695	float	NDFloat_Mul32	float_mul_32
src/cpu/float.c	737	float	NDFloat_Div32	float_div_32
src/cpu/float.c	797	float	DoNLZ32	float_do_nlz32
src/cpu/float.c	852	float	DoDNZ32	float_do_dnz32
src/debugger/debugger.c	405	debugger	start_debugger	debugger_start
src/debugger/debugger.c	414	debugger	ndx_server_terminate	debugger_ndx_server_terminate
src/debugger/debugger.c	423	debugger	stop_debugger_thread	debugger_stop_thread
src/debugger/debugger.c	712	debugger	find_stack_return_address	debugger_find_stack_return_address
src/debugger/debugger.c	822	debugger	step_cpu	debugger_step_cpu
src/debugger/debugger.c	2162	debugger	GetPageTableMemoryRange	debugger_get_page_table_memory_range
src/debugger/debugger.c	2422	debugger	update_stack_frame	debugger_update_stack_frame
src/debugger/debugger.c	4962	debugger	ndx_server_init	debugger_ndx_server_init
src/debugger/debugger.c	5077	debugger	ndx_server_stop	debugger_ndx_server_stop
src/debugger/debugger.c	5190	debugger	dbg_get_server	debugger_dbg_get_server
src/debugger/debugger.c	5236	debugger	dbg_get_scopes_json	debugger_dbg_get_scopes_json
src/debugger/debugger.c	5291	debugger	dbg_get_variables_json	debugger_dbg_get_variables_json
src/debugger/debugger.c	5334	debugger	dbg_get_stack_trace_json	debugger_dbg_get_stack_trace_json
src/debugger/debugger.c	5401	debugger	dbg_get_threads_json	debugger_dbg_get_threads_json
src/debugger/debugger.c	5440	debugger	dbg_step_in	debugger_dbg_step_in
src/debugger/debugger.c	5451	debugger	dbg_step_over	debugger_dbg_step_over
src/debugger/debugger.c	5462	debugger	dbg_step_out	debugger_dbg_step_out
src/debugger/debugger.c	5482	debugger	find_symbol_by_address	debugger_find_symbol_by_address
src/debugger/debugger.c	5504	debugger	get_symbol_for_address	debugger_get_symbol_for_address
src/debugger/debugger.c	5516	debugger	get_source_location	debugger_get_source_location
src/devices/cdc/device_cdc.c	50	cdc	CdcDevice_SetBackingFile	cdc_set_backing_file
src/devices/cdc/device_cdc.c	735	cdc	CreateCdcDevice	cdc_create_device
src/devices/device.c	53	dev	Device_GetOddParity	dev_get_odd_parity
src/devices/device.c	59	dev	Device_Init	dev_init
src/devices/device.c	108	dev	Device_Destroy	dev_destroy
src/devices/device.c	134	dev	Device_Reset	dev_reset
src/devices/device.c	143	dev	Device_Tick	dev_tick
src/devices/device.c	154	dev	Device_Boot	dev_boot
src/devices/device.c	168	dev	Device_IsInAddress	dev_is_in_address
src/devices/device.c	177	dev	Device_RegisterAddress	dev_register_address
src/devices/device.c	186	dev	Device_Read	dev_read
src/devices/device.c	195	dev	Device_Write	dev_write
src/devices/device.c	204	dev	Device_Ident	dev_ident
src/devices/device.c	213	dev	Device_QueueIODelay	dev_queue_io_delay
src/devices/device.c	244	dev	Device_TickIODelay	dev_tick_io_delay
src/devices/device.c	288	dev	Device_GenerateInterrupt	dev_generate_interrupt
src/devices/device.c	304	dev	Device_SetInterruptStatus	dev_set_interrupt_status
src/devices/device.c	321	dev	Device_IO_Seek	dev_io_seek
src/devices/device.c	332	dev	Device_IO_ReadWord	dev_io_read_word
src/devices/device.c	357	dev	Device_IO_BufferReadWord	dev_io_buffer_read_word
src/devices/device.c	385	dev	Device_IO_WriteWord	dev_io_write_word
src/devices/device.c	408	dev	Device_IO_BufferWriteWord	dev_io_buffer_write_word
src/devices/device.c	430	dev	Device_DMAWrite	dev_dma_write
src/devices/device.c	437	dev	Device_DMARead	dev_dma_read
src/devices/device.c	448	dev	Device_SetCharacterOutput	dev_set_character_output
src/devices/device.c	459	dev	Device_SetCharacterInput	dev_set_character_input
src/devices/device.c	470	dev	Device_OutputCharacter	dev_output_character
src/devices/device.c	481	dev	Device_InputCharacter	dev_input_character
src/devices/device.c	494	dev	Device_SetBlockRead	dev_set_block_read
src/devices/device.c	506	dev	Device_SetBlockWrite	dev_set_block_write
src/devices/device.c	521	dev	Device_SetBlockDiskInfo	dev_set_block_disk_info
src/devices/device.c	535	dev	Device_ReadBlock	dev_read_block
src/devices/device.c	547	dev	Device_WriteBlock	dev_write_block
src/devices/devicemanager.c	51	devmgr	DeviceManager_Init	devmgr_init
src/devices/devicemanager.c	70	devmgr	DeviceManager_Destroy	devmgr_destroy
src/devices/devicemanager.c	93	devmgr	DeviceManager_AddAllDevices	devmgr_add_all_devices
src/devices/devicemanager.c	146	devmgr	DeviceManager_AddSCSIDevice_WithConfig	devmgr_add_scsi_device_with_config
src/devices/devicemanager.c	169	devmgr	DeviceManager_AddHDLCDevice_WithConfig	devmgr_add_hdlc_device_with_config
src/devices/devicemanager.c	324	devmgr	DeviceManager_MasterClear	devmgr_master_clear
src/devices/devicemanager.c	335	devmgr	DeviceManager_AddDevice	devmgr_add_device
src/devices/devicemanager.c	395	devmgr	DeviceManager_Read	devmgr_read
src/devices/devicemanager.c	413	devmgr	DeviceManager_Write	devmgr_write
src/devices/devicemanager.c	435	devmgr	DeviceManager_Ident	devmgr_ident
src/devices/devicemanager.c	466	devmgr	DeviceManager_Tick	devmgr_tick
src/devices/devicemanager.c	480	devmgr	DeviceManager_GetDeviceByAddress	devmgr_get_device_by_address
src/devices/devicemanager.c	494	devmgr	DeviceManager_GetDeviceCount	devmgr_get_device_count
src/devices/devicemanager.c	499	devmgr	DeviceManager_GetDeviceByIndex	devmgr_get_device_by_index
src/devices/devicemanager.c	520	devmgr	DeviceManager_IotOp	devmgr_iot_op
src/devices/devicemanager.c	539	devmgr	DeviceManager_BootFrom	devmgr_boot_from
src/devices/drum/device_drum.c	41	drum	DrumDevice_SetBackingFile	drum_set_backing_file
src/devices/drum/device_drum.c	329	drum	CreateDrumDevice	drum_create_device
src/devices/floppy/device_floppy_dma.c	867	floppy_dma	CreateFloppyDMADevice	floppy_dma_create_device
src/devices/floppy/device_floppy_pio.c	784	floppy_pio	CreateFloppyPIODevice	floppy_pio_create_device
src/devices/hdlc/chip_com5025.c	52	com5025	COM5025_Init	com5025_init
src/devices/hdlc/chip_com5025.c	70	com5025	COM5025_Reset	com5025_reset
src/devices/hdlc/chip_com5025.c	111	com5025	COM5025_ReadByte	com5025_read_byte
src/devices/hdlc/chip_com5025.c	166	com5025	COM5025_WriteByte	com5025_write_byte
src/devices/hdlc/chip_com5025.c	226	com5025	COM5025_ReadWord	com5025_read_word
src/devices/hdlc/chip_com5025.c	264	com5025	COM5025_WriteWord	com5025_write_word
src/devices/hdlc/chip_com5025.c	310	com5025	COM5025_SetInputPin	com5025_set_input_pin
src/devices/hdlc/chip_com5025.c	366	com5025	COM5025_GetInputPin	com5025_get_input_pin
src/devices/hdlc/chip_com5025.c	375	com5025	COM5025_GetOutputPin	com5025_get_output_pin
src/devices/hdlc/chip_com5025.c	384	com5025	COM5025_ClockReceiver	com5025_clock_receiver
src/devices/hdlc/chip_com5025.c	395	com5025	COM5025_ClockTransmitter	com5025_clock_transmitter
src/devices/hdlc/chip_com5025.c	528	com5025	COM5025_ReceiveData	com5025_receive_data
src/devices/hdlc/chip_com5025.c	542	com5025	COM5025_TransmitData	com5025_transmit_data
src/devices/hdlc/chip_com5025.c	730	com5025	COM5025_SetReceiverStatus	com5025_set_receiver_status
src/devices/hdlc/chip_com5025_registers.c	43	com5025_reg	COM5025Registers_Init	com5025_reg_init
src/devices/hdlc/chip_com5025_registers.c	57	com5025_reg	COM5025Registers_Clear	com5025_reg_clear
src/devices/hdlc/chip_com5025_registers.c	104	com5025_reg	COM5025Registers_Destroy	com5025_reg_destroy
src/devices/hdlc/chip_com5025_registers.c	120	com5025_reg	COM5025Registers_SetReceiverStatus	com5025_reg_set_receiver_status
src/devices/hdlc/chip_com5025_registers.c	129	com5025_reg	COM5025Registers_GetReceiverCharacterLen	com5025_reg_get_receiver_character_len
src/devices/hdlc/chip_com5025_registers.c	138	com5025_reg	COM5025Registers_GetTransmitterCharacterLen	com5025_reg_get_transmitter_character_len
src/devices/hdlc/chip_com5025_registers.c	147	com5025_reg	COM5025Registers_SetModeControl	com5025_reg_set_mode_control
src/devices/hdlc/chip_com5025_registers.c	169	com5025_reg	COM5025Registers_IsProtocolModeCCP	com5025_reg_is_protocol_mode_ccp
src/devices/hdlc/chip_com5025_registers.c	178	com5025_reg	COM5025Registers_SetClockSpeed	com5025_reg_set_clock_speed
src/devices/hdlc/chip_com5025_registers.c	188	com5025_reg	COM5025Registers_Clock	com5025_reg_clock
src/devices/hdlc/chip_com5025_registers.c	198	com5025_reg	COM5025Registers_AdjustTimer	com5025_reg_adjust_timer
src/devices/hdlc/chip_com5025_registers.c	217	com5025_reg	COM5025Registers_QueueReceivedData	com5025_reg_queue_received_data
src/devices/hdlc/chip_com5025_registers.c	273	com5025_reg	COM5025Registers_DataReceived	com5025_reg_data_received
src/devices/hdlc/chip_com5025_registers.c	293	com5025_reg	COM5025Registers_IsNextByteSync	com5025_reg_is_next_byte_sync
src/devices/hdlc/chip_com5025_registers.c	329	com5025_reg	COM5025Registers_MarkDataAsReceived	com5025_reg_mark_data_as_received
src/devices/hdlc/chip_com5025_registers.c	382	com5025_reg	COM5025Registers_CalcRXCrc	com5025_reg_calc_rx_crc
src/devices/hdlc/chip_com5025_registers.c	408	com5025_reg	COM5025Registers_IsRxCrcEqual	com5025_reg_is_rx_crc_equal
src/devices/hdlc/chip_com5025_registers.c	417	com5025_reg	COM5025Registers_AggregateTXCrc	com5025_reg_aggregate_tx_crc
src/devices/hdlc/chip_com5025_registers.c	443	com5025_reg	COM5025Registers_CalcFinalTxCrc	com5025_reg_calc_final_tx_crc
src/devices/hdlc/chip_com5025_registers.c	453	com5025_reg	COM5025Registers_IsTxCrcEqual	com5025_reg_is_tx_crc_equal
src/devices/hdlc/chip_com5025_registers.c	483	com5025_reg	COM5025IOTimer_SetCallback	com5025_reg_set_callback
src/devices/hdlc/device_hdlc.c	684	hdlc	CreateHDLCDevice	hdlc_create_device
src/devices/hdlc/device_hdlc.c	819	hdlc	HDLC_BridgeInjectRx	hdlc_bridge_inject_rx
src/devices/hdlc/device_hdlc.c	1380	hdlc	HDLC_GetRxFrameStatus	hdlc_get_rx_frame_status
src/devices/hdlc/dma_control_blocks.c	52	dmacb	DMAControlBlocks_Init	dmacb_init
src/devices/hdlc/dma_control_blocks.c	104	dmacb	DMAControlBlocks_Destroy	dmacb_destroy
src/devices/hdlc/dma_control_blocks.c	140	dmacb	DMAControlBlocks_Clear	dmacb_clear
src/devices/hdlc/dma_control_blocks.c	173	dmacb	DMAControlBlocks_SetTXPointer	dmacb_set_tx_pointer
src/devices/hdlc/dma_control_blocks.c	187	dmacb	DMAControlBlocks_DebugTXFrames	dmacb_debug_tx_frames
src/devices/hdlc/dma_control_blocks.c	215	dmacb	DMAControlBlocks_LoadTXBuffer	dmacb_load_tx_buffer
src/devices/hdlc/dma_control_blocks.c	231	dmacb	DMAControlBlocks_LoadNextTXBuffer	dmacb_load_next_tx_buffer
src/devices/hdlc/dma_control_blocks.c	244	dmacb	DMAControlBlocks_MarkBufferSent	dmacb_mark_buffer_sent
src/devices/hdlc/dma_control_blocks.c	271	dmacb	DMAControlBlocks_SetRXPointer	dmacb_set_rx_pointer
src/devices/hdlc/dma_control_blocks.c	284	dmacb	DMAControlBlocks_LoadRXBuffer	dmacb_load_rx_buffer
src/devices/hdlc/dma_control_blocks.c	300	dmacb	DMAControlBlocks_LoadNextRXBuffer	dmacb_load_next_rx_buffer
src/devices/hdlc/dma_control_blocks.c	353	dmacb	DMAControlBlocks_IsNextRXbufValid	dmacb_is_next_r_xbuf_valid
src/devices/hdlc/dma_control_blocks.c	373	dmacb	DMAControlBlocks_MarkBufferReceived	dmacb_mark_buffer_received
src/devices/hdlc/dma_control_blocks.c	505	dmacb	DMAControlBlocks_LoadBufferDescription	dmacb_load_buffer_description
src/devices/hdlc/dma_control_blocks.c	606	dmacb	DMAControlBlocks_ReadNextByteDMA	dmacb_read_next_byte_dma
src/devices/hdlc/dma_control_blocks.c	673	dmacb	DMAControlBlocks_WriteNextByteDMA	dmacb_write_next_byte_dma
src/devices/hdlc/dma_control_blocks.c	770	dmacb	DMAControlBlocks_SetReadDMACallback	dmacb_set_read_dma_callback
src/devices/hdlc/dma_control_blocks.c	781	dmacb	DMAControlBlocks_SetWriteDMACallback	dmacb_set_write_dma_callback
src/devices/hdlc/dma_dcb.c	37	dcb	DCB_Init	dcb_init
src/devices/hdlc/dma_dcb.c	63	dcb	DCB_Clear	dcb_clear
src/devices/hdlc/dma_dcb.c	73	dcb	DCB_GetKey	dcb_get_key
src/devices/hdlc/dma_dcb.c	83	dcb	DCB_HasRSOMFlag	dcb_has_rsom_flag
src/devices/hdlc/dma_dcb.c	93	dcb	DCB_HasREOMFlag	dcb_has_reom_flag
src/devices/hdlc/dma_dcb.c	103	dcb	DCB_GetDataFlowCost	dcb_get_data_flow_cost
src/devices/hdlc/dma_dcb.c	113	dcb	DCB_GetDataMemoryAddress	dcb_get_data_memory_address
src/devices/hdlc/dma_dcb.c	124	dcb	DCB_SetDataMemoryAddress	dcb_set_data_memory_address
src/devices/hdlc/dma_dcb.c	135	dcb	DCB_SetBufferAddress	dcb_set_buffer_address
src/devices/hdlc/dma_dcb.c	145	dcb	DCB_GetBufferAddress	dcb_get_buffer_address
src/devices/hdlc/dma_dcb.c	155	dcb	DCB_SetOffsetFromLP	dcb_set_offset_from_lp
src/devices/hdlc/dma_dcb.c	165	dcb	DCB_GetOffsetFromLP	dcb_get_offset_from_lp
src/devices/hdlc/dma_dcb.c	175	dcb	DCB_SetKeyValue	dcb_set_key_value
src/devices/hdlc/dma_dcb.c	185	dcb	DCB_GetKeyValue	dcb_get_key_value
src/devices/hdlc/dma_dcb.c	195	dcb	DCB_SetByteCount	dcb_set_byte_count
src/devices/hdlc/dma_dcb.c	205	dcb	DCB_GetByteCount	dcb_get_byte_count
src/devices/hdlc/dma_dcb.c	215	dcb	DCB_SetDisplacement	dcb_set_displacement
src/devices/hdlc/dma_dcb.c	225	dcb	DCB_GetDisplacement	dcb_get_displacement
src/devices/hdlc/dma_dcb.c	235	dcb	DCB_SetListPointer	dcb_set_list_pointer
src/devices/hdlc/dma_dcb.c	245	dcb	DCB_GetListPointer	dcb_get_list_pointer
src/devices/hdlc/dma_dcb.c	257	dcb	DCB_SetDMAAddress	dcb_set_dma_address
src/devices/hdlc/dma_dcb.c	267	dcb	DCB_GetDMAAddress	dcb_get_dma_address
src/devices/hdlc/dma_dcb.c	277	dcb	DCB_SetDMABytesRead	dcb_set_dma_bytes_read
src/devices/hdlc/dma_dcb.c	287	dcb	DCB_GetDMABytesRead	dcb_get_dma_bytes_read
src/devices/hdlc/dma_dcb.c	297	dcb	DCB_SetDMABytesWritten	dcb_set_dma_bytes_written
src/devices/hdlc/dma_dcb.c	307	dcb	DCB_GetDMABytesWritten	dcb_get_dma_bytes_written
src/devices/hdlc/dma_dcb.c	317	dcb	DCB_SetDMAReadData	dcb_set_dma_read_data
src/devices/hdlc/dma_dcb.c	327	dcb	DCB_GetDMAReadData	dcb_get_dma_read_data
src/devices/hdlc/dma_dcb.c	337	dcb	DCB_IsDMAReadDataValid	dcb_is_dma_read_data_valid
src/devices/hdlc/dma_dcb.c	347	dcb	DCB_ClearDMAReadData	dcb_clear_dma_read_data
src/devices/hdlc/dma_engine.c	98	dma_engine	DMAEngine_Init	dma_engine_init
src/devices/hdlc/dma_engine.c	167	dma_engine	DMAEngine_Destroy	dma_engine_destroy
src/devices/hdlc/dma_engine.c	220	dma_engine	DMAEngine_Tick	dma_engine_tick
src/devices/hdlc/dma_engine.c	276	dma_engine	DMAEngine_OnWriteDMA	dma_engine_on_write_dma
src/devices/hdlc/dma_engine.c	286	dma_engine	DMAEngine_OnReadDMA	dma_engine_on_read_dma
src/devices/hdlc/dma_engine.c	302	dma_engine	DMAEngine_ExecuteCommand	dma_engine_execute_command
src/devices/hdlc/dma_engine.c	329	dma_engine	DMAEngine_CommandDeviceClear	dma_engine_command_device_clear
src/devices/hdlc/dma_engine.c	353	dma_engine	DMAEngine_CommandInitialize	dma_engine_command_initialize
src/devices/hdlc/dma_engine.c	446	dma_engine	DMAEngine_CommandReceiverStart	dma_engine_command_receiver_start
src/devices/hdlc/dma_engine.c	472	dma_engine	DMAEngine_CommandReceiverContinue	dma_engine_command_receiver_continue
src/devices/hdlc/dma_engine.c	498	dma_engine	DMAEngine_CommandTransmitterStart	dma_engine_command_transmitter_start
src/devices/hdlc/dma_engine.c	525	dma_engine	DMAEngine_CommandDumpDataModule	dma_engine_command_dump_data_module
src/devices/hdlc/dma_engine.c	589	dma_engine	DMAEngine_CommandDumpRegisters	dma_engine_command_dump_registers
src/devices/hdlc/dma_engine.c	656	dma_engine	DMAEngine_CommandLoadRegisters	dma_engine_command_load_registers
src/devices/hdlc/dma_engine.c	713	dma_engine	DMAEngine_SetDMAAddress	dma_engine_set_dma_address
src/devices/hdlc/dma_engine.c	736	dma_engine	DMAEngine_GetBufferKeyVault	dma_engine_get_buffer_key_vault
src/devices/hdlc/dma_engine.c	748	dma_engine	DMAEngine_ScanNextTXBuffer	dma_engine_scan_next_tx_buffer
src/devices/hdlc/dma_engine.c	784	dma_engine	DMAEngine_SetWriteDMACallback	dma_engine_set_write_dma_callback
src/devices/hdlc/dma_engine.c	793	dma_engine	DMAEngine_SetReadDMACallback	dma_engine_set_read_dma_callback
src/devices/hdlc/dma_engine.c	802	dma_engine	DMAEngine_SetInterruptCallback	dma_engine_set_interrupt_callback
src/devices/hdlc/dma_engine.c	811	dma_engine	DMAEngine_SetSendFrameCallback	dma_engine_set_send_frame_callback
src/devices/hdlc/dma_engine.c	820	dma_engine	DMAEngine_SetUpdateReceiverStatusCallback	dma_engine_set_update_receiver_status_callback
src/devices/hdlc/dma_engine.c	830	dma_engine	DMAEngine_SetClearCommandCallback	dma_engine_set_clear_command_callback
src/devices/hdlc/dma_param_buf.c	35	dma_params	ParameterBuffer_Init	dma_params_init
src/devices/hdlc/dma_param_buf.c	45	dma_params	ParameterBuffer_Clear	dma_params_clear
src/devices/hdlc/dma_param_buf.c	65	dma_params	ParameterBuffer_GetParameterControlRegister	dma_params_get_control_register
src/devices/hdlc/dma_param_buf.c	74	dma_params	ParameterBuffer_GetSyncAddressRegister	dma_params_get_sync_address_register
src/devices/hdlc/dma_param_buf.c	83	dma_params	ParameterBuffer_GetCharacterLength	dma_params_get_character_length
src/devices/hdlc/dma_param_buf.c	92	dma_params	ParameterBuffer_GetDisplacement1	dma_params_get_displacement_1
src/devices/hdlc/dma_param_buf.c	101	dma_params	ParameterBuffer_GetDisplacement2	dma_params_get_displacement_2
src/devices/hdlc/dma_param_buf.c	110	dma_params	ParameterBuffer_GetMaxReceiverBlockLength	dma_params_get_max_receiver_block_length
src/devices/hdlc/dma_param_buf.c	119	dma_params	ParameterBuffer_GetReceiverStatusReg	dma_params_get_receiver_status_reg
src/devices/hdlc/dma_param_buf.c	128	dma_params	ParameterBuffer_GetTransmitterStatusReg	dma_params_get_transmitter_status_reg
src/devices/hdlc/dma_param_buf.c	137	dma_params	ParameterBuffer_GetDmaBankBits	dma_params_get_dma_bank_bits
src/devices/hdlc/dma_param_buf.c	148	dma_params	ParameterBuffer_SetParameterControlRegister	dma_params_set_control_register
src/devices/hdlc/dma_param_buf.c	157	dma_params	ParameterBuffer_SetSyncAddressRegister	dma_params_set_sync_address_register
src/devices/hdlc/dma_param_buf.c	166	dma_params	ParameterBuffer_SetCharacterLength	dma_params_set_character_length
src/devices/hdlc/dma_param_buf.c	175	dma_params	ParameterBuffer_SetDisplacement1	dma_params_set_displacement_1
src/devices/hdlc/dma_param_buf.c	184	dma_params	ParameterBuffer_SetDisplacement2	dma_params_set_displacement_2
src/devices/hdlc/dma_param_buf.c	193	dma_params	ParameterBuffer_SetMaxReceiverBlockLength	dma_params_set_max_receiver_block_length
src/devices/hdlc/dma_param_buf.c	202	dma_params	ParameterBuffer_SetReceiverStatusReg	dma_params_set_receiver_status_reg
src/devices/hdlc/dma_param_buf.c	211	dma_params	ParameterBuffer_SetTransmitterStatusReg	dma_params_set_transmitter_status_reg
src/devices/hdlc/dma_param_buf.c	220	dma_params	ParameterBuffer_SetDmaBankBits	dma_params_set_dma_bank_bits
src/devices/hdlc/dma_receiver.c	48	dma_rx	DMAReceiver_Init	dma_rx_init
src/devices/hdlc/dma_receiver.c	73	dma_rx	DMAReceiver_Destroy	dma_rx_destroy
src/devices/hdlc/dma_receiver.c	84	dma_rx	DMAReceiver_Clear	dma_rx_clear
src/devices/hdlc/dma_receiver.c	100	dma_rx	DMAReceiver_Tick	dma_rx_tick
src/devices/hdlc/dma_receiver.c	161	dma_rx	DMAReceiver_SetReceiverState	dma_rx_set_receiver_state
src/devices/hdlc/dma_receiver.c	202	dma_rx	DMAReceiver_ReceiveDataFromModem	dma_rx_receive_data_from_modem
src/devices/hdlc/dma_receiver.c	421	dma_rx	DMAReceiver_SetInterruptCallback	dma_rx_set_interrupt_callback
src/devices/hdlc/dma_transmitter.c	46	dma_tx	DMATransmitter_Init	dma_tx_init
src/devices/hdlc/dma_transmitter.c	65	dma_tx	DMATransmitter_Destroy	dma_tx_destroy
src/devices/hdlc/dma_transmitter.c	75	dma_tx	DMATransmitter_Clear	dma_tx_clear
src/devices/hdlc/dma_transmitter.c	89	dma_tx	DMATransmitter_Tick	dma_tx_tick
src/devices/hdlc/dma_transmitter.c	367	dma_tx	DMATransmitter_SetSenderState	dma_tx_set_sender_state
src/devices/hdlc/dma_transmitter.c	378	dma_tx	DMATransmitter_SetSendFrameCallback	dma_tx_set_send_frame_callback
src/devices/hdlc/dma_transmitter.c	388	dma_tx	DMATransmitter_SetInterruptCallback	dma_tx_set_interrupt_callback
src/devices/hdlc/hdlc_crc.c	83	hdlc_crc	HDLC_CRC_CalculateCRC16Buffer	hdlc_crc_crc_calculate_crc16_buffer
src/devices/hdlc/hdlc_crc.c	97	hdlc_crc	HDLC_CRC_CalcCrc16	hdlc_crc_crc_calc_crc_16
src/devices/hdlc/hdlc_crc.c	106	hdlc_crc	HDLC_CRC_CalcCCITT	hdlc_crc_crc_calc_ccitt
src/devices/hdlc/hdlc_crc.c	140	hdlc_crc	HDLC_CRC_AddParityBit	hdlc_crc_crc_add_parity_bit
src/devices/hdlc/hdlc_crc.c	149	hdlc_crc	HDLC_CRC_CheckParity	hdlc_crc_crc_check_parity
src/devices/hdlc/hdlc_frame.c	43	hdlc_frame	HDLCFrame_Init	hdlc_frame_init
src/devices/hdlc/hdlc_frame.c	52	hdlc_frame	HDLCFrame_Reset	hdlc_frame_reset
src/devices/hdlc/hdlc_frame.c	67	hdlc_frame	HDLCFrame_UpdateCRC	hdlc_frame_update_crc
src/devices/hdlc/hdlc_frame.c	72	hdlc_frame	HDLCFrame_CalculateCRC	hdlc_frame_calculate_crc
src/devices/hdlc/hdlc_frame.c	87	hdlc_frame	HDLCFrame_AddBytes	hdlc_frame_add_bytes
src/devices/hdlc/hdlc_frame.c	102	hdlc_frame	HDLCFrame_AddByte	hdlc_frame_add_byte
src/devices/hdlc/hdlc_frame.c	200	hdlc_frame	HDLCFrame_IsFrameComplete	hdlc_frame_is_frame_complete
src/devices/hdlc/hdlc_frame.c	205	hdlc_frame	HDLCFrame_IsCRCValid	hdlc_frame_is_crc_valid
src/devices/hdlc/hdlc_frame.c	210	hdlc_frame	HDLCFrame_GetFrameLength	hdlc_frame_get_frame_length
src/devices/hdlc/hdlc_frame.c	215	hdlc_frame	HDLCFrame_GetFrameData	hdlc_frame_get_frame_data
src/devices/hdlc/hdlc_frame.c	220	hdlc_frame	HDLCFrame_StuffByte	hdlc_frame_stuff_byte
src/devices/hdlc/hdlc_frame.c	244	hdlc_frame	HDLCFrame_DestuffByte	hdlc_frame_destuff_byte
src/devices/hdlc/hdlc_frame.c	250	hdlc_frame	HDLCFrame_BuildFrame	hdlc_frame_build_frame
src/devices/hdlc/modem.c	580	modem	Modem_Init	modem_init
src/devices/hdlc/modem.c	601	modem	Modem_Destroy	modem_destroy
src/devices/hdlc/modem.c	625	modem	Modem_StartModem	modem_start
src/devices/hdlc/modem.c	687	modem	Modem_Tick	modem_tick
src/devices/hdlc/modem.c	710	modem	Modem_SendByte	modem_send_byte
src/devices/hdlc/modem.c	731	modem	Modem_SendBytes	modem_send_bytes
src/devices/hdlc/modem.c	751	modem	Modem_SetDTR	modem_set_dtr
src/devices/hdlc/modem.c	765	modem	Modem_SetRTS	modem_set_rts
src/devices/hdlc/modem.c	779	modem	Modem_SetDSR	modem_set_dsr
src/devices/hdlc/modem.c	792	modem	Modem_SetCTS	modem_set_cts
src/devices/hdlc/modem.c	809	modem	Modem_SetReceivedDataCallback	modem_set_received_data_callback
src/devices/hdlc/modem.c	816	modem	Modem_SetRingIndicatorCallback	modem_set_ring_indicator_callback
src/devices/hdlc/modem.c	823	modem	Modem_SetDataSetReadyCallback	modem_set_data_set_ready_callback
src/devices/hdlc/modem.c	830	modem	Modem_SetSignalDetectorCallback	modem_set_signal_detector_callback
src/devices/hdlc/modem.c	837	modem	Modem_SetClearToSendCallback	modem_set_clear_to_send_callback
src/devices/hdlc/modem.c	844	modem	Modem_SetRequestToSendCallback	modem_set_request_to_send_callback
src/devices/hdlc/modem.c	851	modem	Modem_SetDataTerminalReadyCallback	modem_set_data_terminal_ready_callback
src/devices/hdlc/modem.c	860	modem	Modem_SetWasmBridgeChannel	modem_set_wasm_bridge_channel
src/devices/hdlc/modem.c	869	modem	Modem_StartWasmBridge	modem_start_wasm_bridge
src/devices/hdlc/modem.c	881	modem	Modem_SetCarrierPresent	modem_set_carrier_present
src/devices/hdlc/tcp_receive_buffer.c	32	rxbuf	TcpReceiveBuffer_Init	rxbuf_init
src/devices/hdlc/tcp_receive_buffer.c	50	rxbuf	TcpReceiveBuffer_Destroy	rxbuf_destroy
src/devices/hdlc/tcp_receive_buffer.c	67	rxbuf	TcpReceiveBuffer_Enqueue	rxbuf_enqueue
src/devices/hdlc/tcp_receive_buffer.c	104	rxbuf	TcpReceiveBuffer_DequeueByte	rxbuf_dequeue_byte
src/devices/hdlc/tcp_receive_buffer.c	121	rxbuf	TcpReceiveBuffer_Available	rxbuf_available
src/devices/hdlc/tcp_receive_buffer.c	130	rxbuf	TcpReceiveBuffer_Clear	rxbuf_clear
src/devices/lineprinter/device_line_printer.c	185	lp	CreateLinePrinterDevice	lp_create_line_printer_device
src/devices/panel/panel.c	46	panel	setup_pap	panel_setup_pap
src/devices/panel/panel.c	95	panel	ProcessTerminalPanc	panel_process_terminal_panc
src/devices/panel/panel.c	240	panel	ProcessTerminalLamp	panel_process_terminal_lamp
src/devices/papertape/device_paper_tape.c	223	ptr	PaperTape_LoadTape	ptr_load_tape
src/devices/papertape/device_paper_tape.c	260	ptr	CreatePaperTapeDevice	ptr_create_paper_tape_device
src/devices/papertapewriter/device_paper_tape_writer.c	271	ptp	PaperTapeWriter_GetTapeData	ptp_get_tape_data
src/devices/papertapewriter/device_paper_tape_writer.c	289	ptp	CreatePaperTapeWriterDevice	ptp_create_paper_tape_writer_device
src/devices/rtc/device_rtc.c	53	rtc	RTC_SetWallClockMode	rtc_set_wall_clock_mode
src/devices/rtc/device_rtc.c	310	rtc	CreateRTCDevice	rtc_create_device
src/devices/scsi/device_scsi.c	112	scsi	SCSI_ParseUnitType	scsi_parse_unit_type
src/devices/scsi/device_scsi.c	140	scsi	SCSI_UnitTypeName	scsi_unit_type_name
src/devices/scsi/device_scsi.c	159	scsi	SCSI_SetUnitType	scsi_set_unit_type
src/devices/scsi/device_scsi.c	898	scsi	CreateSCSIDevice	scsi_create_device
src/devices/scsi/disk_scsi.c	40	scsi_disk	DiskSCSI_LastLBA	scsi_disk_last_lba
src/devices/scsi/disk_scsi.c	69	scsi_disk	DiskSCSI_SetDiskType	scsi_disk_set_type
src/devices/scsi/scsi_bus.c	27	scsi_bus	SCSIBus_PhaseName	scsi_bus_phase_name
src/devices/scsi/scsi_bus.c	33	scsi_bus	SCSIBus_Init	scsi_bus_init
src/devices/scsi/scsi_bus.c	43	scsi_bus	SCSIBus_AddDevice	scsi_bus_add_device
src/devices/scsi/scsi_bus.c	67	scsi_bus	SCSIBus_Clock	scsi_bus_clock
src/devices/scsi/scsi_bus.c	139	scsi_bus	SCSIBus_ControlRead	scsi_bus_control_read
src/devices/scsi/scsi_bus.c	150	scsi_bus	SCSIBus_ControlWait	scsi_bus_control_wait
src/devices/scsi/scsi_bus.c	166	scsi_bus	SCSIBus_ControlWrite	scsi_bus_control_write
src/devices/scsi/scsi_bus.c	185	scsi_bus	SCSIBus_DataRead	scsi_bus_data_read
src/devices/scsi/scsi_bus.c	195	scsi_bus	SCSIBus_DataWrite	scsi_bus_data_write
src/devices/scsi/scsi_device.c	35	scsi_device	scsi_put_u16be	scsi_device_scsi_put_u16_be
src/devices/scsi/scsi_device.c	41	scsi_device	scsi_put_u24be	scsi_device_scsi_put_u24_be
src/devices/scsi/scsi_device.c	48	scsi_device	scsi_put_u32be	scsi_device_scsi_put_u32_be
src/devices/scsi/scsi_device.c	56	scsi_device	scsi_get_u16be	scsi_device_scsi_get_u16_be
src/devices/scsi/scsi_device.c	61	scsi_device	scsi_get_u24be	scsi_device_scsi_get_u24_be
src/devices/scsi/scsi_device.c	66	scsi_device	scsi_get_u32be	scsi_device_scsi_get_u32_be
src/devices/scsi/scsi_device.c	143	scsi_device	SCSITarget_DefaultGetData	scsi_device_default_get_data
src/devices/scsi/scsi_device.c	166	scsi_device	SCSITarget_DefaultPutData	scsi_device_default_put_data
src/devices/scsi/scsi_device.c	215	scsi_device	SCSITarget_DataIn	scsi_device_data_in
src/devices/scsi/scsi_device.c	226	scsi_device	SCSITarget_DataOut	scsi_device_data_out
src/devices/scsi/scsi_device.c	236	scsi_device	SCSITarget_StatusComplete	scsi_device_status_complete
src/devices/scsi/scsi_device.c	293	scsi_device	SCSITarget_Sense	scsi_device_sense
src/devices/scsi/scsi_device.c	312	scsi_device	SCSITarget_ReportBadCmd	scsi_device_report_bad_cmd
src/devices/scsi/scsi_device.c	319	scsi_device	SCSITarget_ReportBadLun	scsi_device_report_bad_lun
src/devices/scsi/scsi_device.c	674	scsi_device	SCSITarget_DeviceReset	scsi_device_device_reset
src/devices/scsi/scsi_device.c	701	scsi_device	SCSITarget_Init	scsi_device_init
src/devices/scsi/scsi_hdd.c	807	scsi_hdd	SCSIHDD_Init	scsi_hdd_init
src/devices/smd/device_smd.c	1835	smd	CreateSMDDevice	smd_create_device
src/devices/smd/disk_smd.c	37	smd_disk	DiskSMD_SetDiskType	smd_disk_set_type
src/devices/terminal/device_terminal.c	438	terminal	Terminal_QueueKeyCode	terminal_queue_key_code
src/devices/terminal/device_terminal.c	475	terminal	CreateTerminalDevice	terminal_create_device
src/devices/winchester/device_winchester.c	866	wd	CreateWinchesterDevice	wd_create_winchester_device
src/devices/winchester/disk_winchester.c	40	wd_disk	DiskWinchester_SetDiskType	wd_disk_set_type
src/devices/winchester/disk_winchester.c	109	wd_disk	DiskWinchester_ChsToLba	wd_disk_chs_to_lba
src/frontend/nd100x/config.c	114	config	Config_Init	config_init
src/frontend/nd100x/config.c	485	config	Config_ParseCommandLine	config_parse_command_line
src/frontend/nd100x/config.c	1216	config	Config_PrintHelp	config_print_help
src/frontend/nd100x/nd100x.c	616	nd100x	cleanup	nd100x_cleanup
src/frontend/nd100x/vscreen.c	24	vscreen	VScreen_Init	vscreen_init
src/frontend/nd100x/vscreen.c	63	vscreen	VScreen_Write	vscreen_write
src/frontend/nd100x/vscreen.c	106	vscreen	VScreen_Redraw	vscreen_redraw
src/frontend/nd100x/vscreen.c	160	vscreen	VScreen_Destroy	vscreen_destroy
src/machine/io.c	40	io	IO_Init	io_init
src/machine/io.c	50	io	IO_Destroy	io_destroy
src/machine/io.c	65	io	IO_Ident	io_ident
src/machine/machine.c	73	machine	init_drive_arrays	machine_init_drive_arrays
src/machine/machine.c	259	machine	cleanup_machine	machine_cleanup
src/machine/machine.c	393	machine	setdefaultconfig	machine_setdefaultconfig
src/machine/machine.c	425	machine	mount_floppy	machine_mount_floppy
src/machine/machine.c	598	machine	mount_smd	machine_mount_smd
src/machine/machine.c	628	machine	mount_winchester	machine_mount_winchester
src/machine/machine.c	663	machine	mount_scsi	machine_mount_scsi
src/machine/machine.c	696	machine	autoMountDrives	machine_auto_mount_drives
src/machine/machine.c	860	machine	program_load	machine_program_load
src/machine/machine.c	1012	machine	isMounted	machine_is_mounted
src/machine/machine.c	1086	machine	mount_drive	machine_mount_drive
src/machine/machine.c	1173	machine	unmount_drive	machine_unmount_drive
src/machine/machine.c	1252	machine	list_mount	machine_list_mount
src/machine/machine.c	1327	machine	mount_drive_opfs	machine_mount_drive_opfs
src/machine/machine.c	1370	machine	mount_drive_gateway	machine_mount_drive_gateway
src/machine/machine_config.c	64	mc	MC_DescriptorForType	mc_descriptor_for_type
src/machine/machine_config.c	98	mc	MC_CtrlTypeName	mc_ctrl_type_name
src/machine/machine_config.c	179	mc	MachineConfig_InitBaseline	mc_init_baseline
src/machine/machine_config.c	223	mc	MachineConfig_SetDefaults	mc_set_defaults
src/machine/machine_config.c	262	mc	MachineConfig_DefaultIniName	mc_default_ini_name
src/machine/machine_config.c	487	mc	MachineConfig_LoadFile	mc_load_file
src/machine/machine_config.c	1204	mc	MachineConfig_Validate	mc_validate
src/machine/machine_config.c	1284	mc	MachineConfig_Print	mc_print
src/machine/machine_config.c	1387	mc	MachineConfig_WriteFile	mc_write_file
src/machine/machine_config.c	1604	mc	MachineConfig_CpuTypeForNumber	mc_cpu_type_for_number
src/machine/machine_config_apply.c	19	mc	MachineConfig_ApplyCpu	mc_apply_cpu
src/machine/machine_config_apply.c	61	mc	MachineConfig_ApplyDevices	mc_apply_devices
src/machine/machine_config_json.c	130	mc	MachineConfig_ToJson	mc_to_json
src/ndlib/download.c	42	dl	get_downloaded_size	dl_get_downloaded_size
src/ndlib/download.c	48	dl	download_file	dl_download_file
src/ndlib/escp.c	300	escp	Escp_Create	escp_create
src/ndlib/escp.c	329	escp	Escp_PutChar	escp_put_char
src/ndlib/escp.c	425	escp	Escp_GetSpans	escp_get_spans
src/ndlib/escp.c	446	escp	Escp_GetPageCount	escp_get_page_count
src/ndlib/escp.c	460	escp	Escp_Reset	escp_reset
src/ndlib/escp.c	483	escp	Escp_Destroy	escp_destroy
src/ndlib/escp.c	499	escp	Escp_StripToPlainChar	escp_strip_to_plain_char
src/ndlib/keyboard.c	60	kbd	keyboard_set_pipe_mode	kbd_set_pipe_mode
src/ndlib/keyboard.c	76	kbd	read_key_event	kbd_read_key_event
src/ndlib/load_bpun.c	47	bpun	GetLastBPUNHeader	bpun_get_last_header
src/ndlib/load_bpun.c	57	bpun	LoadBPUN	bpun_load
src/ndlib/load_bpun.c	370	bpun	bp_load	bpun_bp_load
src/ndlib/load_prog.c	61	prog	GetLastPROGHeader	prog_get_last_header
src/ndlib/load_prog.c	131	prog	LoadPROG	prog_load
src/ndlib/log.c	72	log	Log_SetLevel	log_set_level
src/ndlib/log.c	88	log	Log_SetSink	log_set_sink
src/ndlib/log.c	100	log	Log_CategoryName	log_category_name
src/ndlib/log.c	118	log	Log_Write	log_write
src/ndlib/log.c	187	log	Log_ParseSpec	log_parse_spec
src/ndlib/ndlib.c	44	ndlib	unsetcbreak	ndlib_unsetcbreak
src/ndlib/ndlib.c	52	ndlib	setcbreak	ndlib_setcbreak
src/ndlib/pdfwriter.c	69	pdf	Pdf_Create	pdf_create
src/ndlib/pdfwriter.c	89	pdf	Pdf_AddPage	pdf_add_page
src/ndlib/pdfwriter.c	121	pdf	Pdf_AddTextSpan	pdf_add_text_span
src/ndlib/pdfwriter.c	303	pdf	Pdf_WriteToFile	pdf_write_to_file
src/ndlib/pdfwriter.c	383	pdf	Pdf_Destroy	pdf_destroy
src/ndlib/printjob.c	68	pj	PrintJob_Create	pj_create
src/ndlib/printjob.c	384	pj	PrintJob_PutChar	pj_put_char
src/ndlib/printjob.c	447	pj	PrintJob_CheckTimeout	pj_check_timeout
src/ndlib/printjob.c	463	pj	PrintJob_Flush	pj_flush
src/ndlib/printjob.c	472	pj	PrintJob_Destroy	pj_destroy
src/ndlib/telnetserver.c	213	telnet	TelnetServer_Create	telnet_create
src/ndlib/telnetserver.c	252	telnet	TelnetServer_RegisterTerminal	telnet_register_terminal
src/ndlib/telnetserver.c	276	telnet	TelnetServer_Start	telnet_start
src/ndlib/telnetserver.c	378	telnet	TelnetServer_Stop	telnet_stop
src/ndlib/telnetserver.c	439	telnet	TelnetServer_Destroy	telnet_destroy
src/ndlib/telnetserver.c	470	telnet	TelnetServer_GetTerminalCount	telnet_get_terminal_count
src/ndlib/telnetserver.c	543	telnet	TelnetServer_DisconnectDevice	telnet_disconnect_device
src/ndlib/telnetserver.c	559	telnet	TelnetServer_GetPort	telnet_get_port
src/ndlib/telnetserver.c	564	telnet	TelnetServer_SetTerminalLocallyActive	telnet_set_terminal_locally_active
src/ndlib/telnetserver.c	574	telnet	TelnetServer_SetDeviceLocallyActive	telnet_set_device_locally_active
src/ndlib/telnetserver.c	589	telnet	TelnetServer_IsDeviceConnected	telnet_is_device_connected
src/ndlib/telnetserver.c	599	telnet	TelnetServer_ClearDeviceCarrier	telnet_clear_device_carrier
src/ndlib/telnetserver.c	612	telnet	TelnetServer_GetTerminalStats	telnet_get_terminal_stats
src/ndlib/telnetserver.c	631	telnet	TelnetServer_GetDeviceClientAddr	telnet_get_device_client_addr
src/ndlib/telnetserver.c	645	telnet	TelnetServer_GetPendingCount	telnet_get_pending_count
src/ndlib/telnetserver.c	657	telnet	TelnetServer_GetPendingInfo	telnet_get_pending_info
src/ndlib/telnetserver.c	691	telnet	TelnetServer_DropPending	telnet_drop_pending
src/ndlib/telnetserver.c	712	telnet	TelnetServer_DropAllPending	telnet_drop_all_pending
